week,a1c,a2c,mentions,events,avg_sentenceid,avg_a1co,avg_a2co,avg_actco,avg_raw_text,avg_root_event,avg_len,avg_goldstein,avg_tone,avg_confidence,avg_lat1,avg_lon1,avg_lat2,avg_lon2,avg_lata,avg_lona,total_num_mentions,total_num_sources,total_num_articles,pair,Relative_mentions
2016-01-11,CVL,COP,1461,687,7.8172484599589325,1739.7912388774812,1776.9787816563996,1753.8685831622176,0.7611225188227242,0.5934291581108829,3544.128678986995,-1.9884325804243674,-5.030361615351881,53.31279945242984,31.111434283292983,-18.804204450363194,31.503505752219535,-19.21271356981437,30.127249335754648,-14.143325827280066,63092.0,16043.0,62511.0,CVL -> COP,0.0009533634938129254
2016-01-18,CVL,COP,1627,575,6.67240319606638,1479.9686539643515,1453.2907191149354,1500.4978488014751,0.8893669330055316,0.7135832821143209,2931.462200368777,0.21966810079901636,-4.74961520952965,65.98033189920098,30.206016056621,-10.85546537077626,30.001901691324186,-10.756150557990889,30.0315207872146,-11.506830978082212,242289.0,30715.0,239605.0,CVL -> COP,0.0010835585474587989
2016-01-25,CVL,COP,1577,587,8.169308814204186,2215.4768547875715,2227.8313253012047,2236.3766645529486,0.8363982244768547,0.7184527584020292,4512.010145846544,-2.2703868103994926,-4.253439314991538,57.33671528218136,32.77399500869564,-41.6238672640316,32.79699071620552,-41.88943224426875,32.81026315098813,-41.763656433992075,146924.0,32241.0,145603.0,CVL -> COP,0.001102182138918282
2016-02-01,CVL,COP,1413,608,6.482661004953998,1427.7848549186128,1469.0424628450105,1475.7579617834394,0.8910120311394196,0.7515923566878981,3121.345364472753,-1.5859164897381455,-4.922169930758027,63.397027600849256,27.47923567081339,-2.0409334918660247,27.683625821052622,-4.67628923349282,28.692265907177013,-25.29650806602871,172446.0,25147.0,171678.0,CVL -> COP,0.000963304441017544
2016-02-08,CVL,COP,1875,610,6.3456,1254.9344,1246.4016,1271.4693333333332,0.8416,0.6432,2874.5002666666664,-0.48207999999999995,-4.91124945920649,67.2,12.302048960517794,33.56726497152107,12.322597303559865,33.54328011715212,12.165864190291257,33.58874555404532,692870.0,58874.0,691469.0,CVL -> COP,0.0011710399021697651
2016-02-15,CVL,COP,1278,584,9.658059467918623,2350.0117370892017,2429.8607198748045,2435.788732394366,0.744131455399061,0.5234741784037559,5464.057120500783,-0.5143192488262909,-4.723531038017162,59.30359937402191,35.550237984718244,4.398833731614137,35.82196946418339,4.7085439130850135,35.86583554918816,4.037241993314239,232298.0,44464.0,231027.0,CVL -> COP,0.0007755249660783681
2016-02-22,CVL,COP,2142,661,7.597105508870214,1889.7236227824462,1892.8431372549019,1898.8776844070962,0.8417366946778712,0.5784313725490197,3467.153127917834,0.21960784313725504,-3.9947477868601173,71.1858076563959,26.358495608399544,1.0614086515323744,26.31123055391601,0.9796374994324928,26.57874521112372,-0.031748783200871565,1240199.0,87197.0,1238739.0,CVL -> COP,0.0013469453204340157
2016-02-29,CVL,COP,1649,689,6.073377804730139,1266.226197695573,1286.6403881140086,1287.3074590661006,0.8835657974530018,0.7707701637355974,3313.517889630079,-2.680230442692542,-5.060860727280905,71.26137052759248,31.97983120307168,-21.08479071331057,32.388041544368626,-23.49970265187711,32.45280198805463,-23.979753351535813,253260.0,28355.0,250070.0,CVL -> COP,0.001072192565524685
2016-03-07,CVL,COP,1105,538,6.115837104072398,1414.798190045249,1431.4361990950226,1426.8108597285068,0.9230769230769231,0.714027149321267,2891.654298642534,-1.1453393665158367,-5.080062795968781,64.27149321266968,28.43272867484662,-17.080970304294482,28.316334795092022,-17.824205694478525,28.40869850306748,-17.84041021840491,87651.0,9992.0,86375.0,CVL -> COP,0.0007173610461915594
2016-03-14,CVL,COP,1052,557,6.634980988593156,1606.694866920152,1616.4876425855514,1619.2309885931559,0.879277566539924,0.747148288973384,3025.4125475285173,-1.8365969581749049,-4.656923433191537,72.33840304182509,27.405134217105264,-7.628225646052626,27.46352808552632,-8.480309740789469,27.470311730263152,-8.060730451315786,69215.0,7082.0,64917.0,CVL -> COP,0.000733462921078832
2016-03-21,CVL,COP,1429,566,7.675997200839748,1748.338698390483,1781.66200139958,1781.9153254023793,0.8971308607417775,0.7634709587123862,5290.0195941217635,-2.653883834849545,-6.254586378708303,59.18824352694192,35.64916144818874,-22.357051255265404,36.67204425358049,-22.33478437236734,35.6194191314238,-22.186795139005923,161387.0,37745.0,159937.0,CVL -> COP,0.0010030695754046498
2016-03-28,CVL,COP,1577,620,6.162333544705136,1524.6049461001903,1545.1274571972099,1547.9353202282816,0.7894736842105263,0.7520608750792644,3026.1293595434367,-1.098985415345593,-4.298797233187443,67.08941027266962,33.09932743879909,-22.601765902232483,32.73443388221709,-23.21678103464203,33.091773597382605,-23.03626941108545,238152.0,27787.0,236060.0,CVL -> COP,0.00109556570302736
2016-04-04,CVL,COP,1492,598,6.977211796246649,1615.6668900804289,1619.3860589812332,1634.1957104557641,0.896112600536193,0.599195710455764,3116.1642091152817,-1.0083109919571047,-4.374982409631995,66.66219839142092,29.629309144329905,-18.164935292096203,29.65965840378007,-18.5346249106529,29.693808378006878,-18.615185032646025,252514.0,29643.0,251648.0,CVL -> COP,0.0009968151355555007
2016-04-11,CVL,COP,2327,635,8.09282337773958,2160.7537602062744,2184.3192952299096,2190.1482595616676,0.8289643317576278,0.6669531585732703,4022.3154275891707,1.9533304684142672,-5.877594284899363,65.00644606789858,17.507882377082275,40.05338142705717,17.465845880363442,40.01496881928331,17.45585907067137,39.93814527864727,1155587.0,135668.0,1154797.0,CVL -> COP,0.0016426516223214261
2016-04-18,CVL,COP,1211,515,8.189099917423617,2116.1709331131296,2142.6771263418664,2143.7382328654003,0.8109000825763831,0.6589595375722543,4412.343517753922,-0.0021469859620151643,-5.5294174522725585,56.721717588769614,25.245950672148,-21.047307220966054,25.327688709146972,-20.73312743268239,25.317879130524155,-21.005572472764612,76281.0,19383.0,76002.0,CVL -> COP,0.0009599720965996695
2016-04-25,CVL,COP,2172,658,5.511049723756906,1230.3968692449355,1302.2794659300184,1296.8282688766114,0.639963167587477,0.8126151012891344,2822.6118784530386,-1.7400552486187857,-5.6243409336187735,54.217311233885816,30.85749129066668,-2.2574402330666614,30.808583290666654,-2.2430756325333197,30.918226730666657,-2.3837401103999896,397233.0,9743.0,396669.0,CVL -> COP,0.0014841286381479823
2016-05-02,CVL,COP,1726,639,6.049826187717265,1468.247392815759,1475.1083429895712,1477.8516801853998,0.790845886442642,0.831981460023175,3769.140208574739,-1.3241599073001158,-5.42299531713491,68.01274623406721,29.668640628887342,-31.073538362819683,30.102127747062877,-31.98999627159646,30.08891731859017,-32.01299323013136,529784.0,60073.0,527774.0,CVL -> COP,0.0011547985358278587
2016-05-09,CVL,COP,1433,647,7.826238660153524,1860.7899511514306,1878.896720167481,1874.3391486392184,0.8520586182833217,0.639218422889044,3967.7173761339845,-1.53182135380321,-4.589069691737641,65.44312630844382,31.243607917497734,-38.264031563916596,31.249002682683592,-37.59857190843156,31.250491308250222,-37.56624788304625,195837.0,25965.0,195360.0,CVL -> COP,0.000957535025535381
2016-05-16,CVL,COP,1098,554,6.612932604735883,1577.4890710382513,1601.4371584699454,1603.2140255009108,0.8542805100182149,0.7504553734061931,3842.9143897996355,-1.8493624772313295,-4.7339110038292604,62.15846994535519,30.036372796317597,-17.271597698504028,30.060036439585726,-16.815793383199075,30.02272255466052,-17.233791139240505,62411.0,8902.0,61797.0,CVL -> COP,0.0008464567536147867
2016-05-23,CVL,COP,1482,645,6.933873144399461,1722.6950067476382,1751.478407557355,1752.3117408906883,0.8117408906882592,0.7273954116059379,3426.061403508772,-1.3462887989203778,-5.134925301714615,64.34547908232119,23.660376600000014,5.222391185520359,24.160246527601824,5.038024309502253,23.757120066063354,5.065062759276013,119387.0,9814.0,118220.0,CVL -> COP,0.0009031348285232161
2016-05-30,CVL,COP,1264,554,9.390822784810126,2050.2927215189875,2094.85917721519,2098.962816455696,0.7634493670886076,0.7365506329113924,3562.5981012658226,-4.13742088607595,-5.753435322066966,63.924050632911396,29.925567971428567,-35.99231068571433,29.803453783609566,-37.43094050460408,30.022560717311233,-35.878383230202616,328651.0,33797.0,328027.0,CVL -> COP,0.001043224488044185
2016-06-06,CVL,COP,1475,538,5.28271186440678,1348.7172881355932,1389.1532203389831,1377.4786440677967,0.911864406779661,0.8067796610169492,2886.824406779661,0.09342372881355937,-4.410628909732174,65.10508474576271,35.74916108695651,-37.57230606027666,35.66065406521741,-37.34611152766801,35.77835358695651,-37.69059245652173,320069.0,38171.0,318240.0,CVL -> COP,0.0010472981128753056
2016-06-13,CVL,COP,1496,622,6.386363636363637,1420.0949197860962,1442.5474598930482,1445.058155080214,0.9177807486631016,0.7740641711229946,3309.3288770053477,-1.5131684491978608,-4.28048561412587,60.407754010695186,36.98875105338418,-16.81003518398475,37.14291989037178,-17.182121316491898,36.937806715919926,-16.965156416587224,266421.0,48611.0,266100.0,CVL -> COP,0.0009018458904522492
2016-06-20,CVL,COP,1549,653,8.509360877985797,1968.9664299548097,1978.9612653324725,1965.276307295029,0.9147837314396384,0.6036152356358941,3612.1155584247904,-0.6145900581020012,-4.299752287230877,74.27372498386056,23.191030508264447,-31.45820567933884,23.286956497520645,-31.26581333719007,23.251355051239656,-31.453518478512393,303064.0,34012.0,301418.0,CVL -> COP,0.0010400538222817264
2016-06-27,CVL,COP,1229,598,6.836452400325468,1699.1301871440196,1717.3970707892595,1714.6175752644426,0.8893409275834011,0.7453213995117982,3710.680227827502,-0.7479251423921884,-4.680068474441655,68.61676159479251,31.74237339157895,-16.590172137894733,32.074437036803374,-16.600806373291267,31.93458467087277,-16.672067593059932,171579.0,17904.0,171303.0,CVL -> COP,0.0007546646132911851
2016-07-04,CVL,COP,2849,853,7.573534573534573,1634.1235521235521,1675.6310986310987,1671.4261144261145,0.8195858195858196,0.8058968058968059,3464.345735345735,-2.4645840645840638,-4.314293005969773,60.424710424710426,31.89990180567109,-74.31952867826092,31.765679219659717,-72.94201344196601,31.793159257466893,-73.3736202850662,923977.0,67209.0,920204.0,CVL -> COP,0.0015698881241186942
2016-07-11,CVL,COP,4945,1244,23.8262891809909,4801.034782608695,4836.282305358948,4831.904550050556,0.725783619817998,0.6723963599595552,8291.770677451972,-4.13492416582406,-5.223334089923377,57.872598584428715,32.38394214216873,-68.90887808214691,32.29032285980289,-68.71827803986868,32.30396596385546,-68.77775042541087,2711042.0,330970.0,2707993.0,CVL -> COP,0.0024036299916638513
2016-07-18,CVL,COP,5452,1227,15.499816581071167,3095.367754952311,3101.0331988261187,3095.3198826118855,0.7037784299339692,0.6252751283932502,6710.508070432868,-0.6634079236977298,-6.048958463820852,60.50623624358034,36.934671141066595,-31.114407503979322,37.25623740449672,-31.770318031237487,37.118159702546876,-30.22541299144448,5412924.0,412274.0,4467292.0,CVL -> COP,0.0029345796505309643
2016-07-25,CVL,COP,2685,888,7.740409683426443,1870.4134078212292,1872.8540037243947,1904.1653631284917,0.7042830540037244,0.6793296089385474,4305.930726256984,-1.0393668528864057,-5.473797332718945,56.49906890130354,26.265080082352945,-36.444709404977395,26.870510571040732,-37.70913341855202,26.95887748054299,-37.496840237556555,440895.0,95612.0,440039.0,CVL -> COP,0.0015769720961101355
2016-08-01,CVL,COP,2952,857,8.149728997289973,1804.394647696477,1797.053861788618,1802.2364498644986,0.9004065040650406,0.625,3502.182926829268,-2.537093495934959,-4.708555006687879,58.739837398373986,25.59278800168778,-13.796707306329115,33.61539978649791,-23.320813806329102,23.590888284388193,-11.12678973670886,675546.0,126450.0,671682.0,CVL -> COP,0.0020216962524654833
2016-08-08,CVL,COP,2285,806,10.473960612691465,2273.3089715536107,2289.553172866521,2283.634135667396,0.8481400437636761,0.6761487964989059,4443.259956236324,-0.44070021881838045,-5.083285178675105,52.179431072210065,32.27669804534002,-44.56715032392955,32.348531395465955,-43.19658278740562,32.32651450377829,-43.48964078740564,394580.0,74475.0,392942.0,CVL -> COP,0.0015409775260061033
2016-08-15,CVL,COP,2456,864,7.0077361563517915,1614.917345276873,1626.757328990228,1601.4421824104234,0.8387622149837134,0.6868892508143323,3178.238599348534,-2.8675895765472323,-5.382379346014765,65.55781758957654,30.197654354137775,-23.884581143319455,29.812385639389742,-23.25181802727693,31.010643660656505,-26.755107644937578,411696.0,32457.0,410563.0,CVL -> COP,0.0015371510507516456
2016-08-22,CVL,COP,2072,826,7.835907335907336,1834.1143822393822,1840.3585907335907,1841.1684362934363,0.8257722007722008,0.6829150579150579,3541.390926640927,-2.0623552123552127,-4.761082672309518,59.816602316602314,25.856239001731126,-3.5298533358338173,26.014047132140817,-3.7726306105020235,25.67215904212351,-3.4849280098095834,168698.0,21253.0,166342.0,CVL -> COP,0.0011147834161978245
2016-08-29,CVL,COP,1783,717,7.234436343241727,1722.4598990465508,1741.076275939428,1740.399326977005,0.8777341559169939,0.6500280426247896,3163.011217049916,-1.7582725743129557,-4.847097121799351,70.80201906898486,30.61579433261027,-3.7638189501084502,31.027712791033988,-10.846994050614605,30.906696992769344,-5.3571876203904445,343780.0,38408.0,340091.0,CVL -> COP,0.0011368933035517874
2016-09-05,CVL,COP,1413,620,6.506015569709837,1654.241330502477,1670.9907997169144,1674.9844302901627,0.8570417551309271,0.7685774946921444,3321.7388535031846,-1.8273885350318473,-4.469821475211305,68.19532908704883,30.58798482246376,-18.441943475543475,30.522633786690967,-17.132681855970834,30.47571692251594,-18.566242233363724,104840.0,13061.0,104320.0,CVL -> COP,0.0009146974992442255
2016-09-12,CVL,COP,1805,703,6.022714681440443,1460.8631578947368,1469.828808864266,1469.786703601108,0.8781163434903048,0.7451523545706371,3260.0072022160666,-1.9271468144044328,-4.526151566424087,65.93351800554017,30.587772425770304,-19.931807231792707,30.244573777310915,-18.14041930462185,30.699189359495445,-19.304525015416957,218419.0,31043.0,217335.0,CVL -> COP,0.0012553683515031384
2016-09-19,CVL,COP,4186,895,19.90157668418538,4793.947921643574,4783.956999522217,4822.435499283325,0.6581462016244625,0.5692785475394171,7208.515289058767,-4.001720019111326,-4.8467938796908525,57.434304825609175,35.155350102741544,-57.80888035895434,35.106850897002374,-56.70452045375325,34.82161735357424,-52.926302997181395,2347093.0,224432.0,2342755.0,CVL -> COP,0.002305432968132043
2016-09-26,CVL,COP,1778,698,8.851518560179978,1875.7643419572553,1871.9195725534307,1899.2497187851518,0.8627671541057368,0.6856017997750281,3615.744656917885,-0.867435320584927,-4.9188216856966145,69.04386951631047,31.965395383022784,-8.159620856452724,31.904850331262942,-7.5992014154589365,31.857229944789523,-7.255919883367838,543351.0,46856.0,542216.0,CVL -> COP,0.0010750399663339565
2016-10-03,CVL,COP,2328,694,7.814003436426117,1752.2285223367699,1758.5210481099657,1747.9987113402062,0.8264604810996563,0.6894329896907216,3197.810567010309,-0.3038659793814431,-4.897645854327007,63.50085910652921,37.33171795573041,-12.181518023118539,37.32430383866204,-12.89741267830791,37.30542996753564,-12.489374852434814,1155455.0,100729.0,1154878.0,CVL -> COP,0.0014705390018148019
2016-10-10,CVL,COP,1886,657,6.005832449628844,1348.2481442205726,1343.4204665959703,1343.48197242842,0.9231177094379639,0.7852598091198303,3169.240721102863,-0.25334040296924787,-6.1333980373288846,75.71580063626723,31.019479694757816,-43.19242698141995,31.024329705374942,-43.296365090245416,31.073797252820192,-43.51567463238211,1380340.0,123936.0,1377476.0,CVL -> COP,0.0012238512118787543
2016-10-17,CVL,COP,1984,607,7.325604838709677,1585.367943548387,1591.640625,1601.9637096774193,0.8477822580645161,0.6875,3190.5403225806454,0.0014616935483879163,-6.220560235246052,61.91028225806452,35.80410657785672,-27.0394453653049,35.51262326923077,-25.84156174082841,35.37212199053254,-25.779875155029593,414214.0,57982.0,385940.0,CVL -> COP,0.0012501244453517928
2016-10-24,CVL,COP,1946,683,6.607913669064748,1490.9295991778006,1502.8144912641314,1491.1716341212743,0.7651593011305241,0.6742034943473793,3295.0940390544706,-3.105035971223021,-5.757804428666046,61.120246659815,35.10791667657341,-12.64634230477855,34.97888282459208,-12.034641041958034,35.31866746911421,-12.96459820804196,269241.0,41534.0,265302.0,CVL -> COP,0.0012553486172780094
2016-10-31,CVL,COP,2101,790,8.763921941932413,2027.6687291765825,2064.6330318895766,2046.3760114231318,0.8000951927653498,0.652546406473108,3829.135173726797,-3.3065207044264637,-5.3383294617865005,56.87767729652546,32.516457817775276,-4.881360932364445,34.3076961408608,-6.368240058133029,34.23954104304079,-6.2521181727221835,234304.0,42314.0,233261.0,CVL -> COP,0.0013499698971491283
2016-11-07,CVL,COP,1552,678,7.453608247422681,1736.8653350515465,1772.5637886597938,1763.8073453608247,0.8150773195876289,0.6217783505154639,3582.063144329897,-1.9803479381443299,-5.407869952662756,61.6430412371134,31.429210107224364,-29.263002550911878,31.608699403041847,-29.975034911094244,31.684514102661623,-29.945630189969624,283162.0,43303.0,274239.0,CVL -> COP,0.0008329665847296616
2016-11-14,CVL,COP,1836,654,7.797930283224401,1800.9488017429194,1823.3148148148148,1824.3910675381264,0.7952069716775599,0.525599128540305,3734.2968409586056,-2.2068627450980367,-4.6300449681191855,63.447712418300654,29.353209040531922,1.41219950728308,29.15733526662439,0.9763319309689568,29.19227137808733,1.0227086187460268,394516.0,57963.0,394227.0,CVL -> COP,0.0011158299562662726
2016-11-21,CVL,COP,1284,548,6.827881619937695,1588.7679127725858,1620.6316199376947,1609.5046728971963,0.9166666666666666,0.7710280373831776,3024.1269470404986,-2.504205607476636,-5.6529775798878354,72.46105919003115,32.49832692380056,-8.494912594543747,32.45803538099719,-9.04039323424271,32.54219496707432,-8.554126903104422,284315.0,15886.0,214903.0,CVL -> COP,0.0009245185339324943
2016-11-28,CVL,COP,1225,624,8.755918367346938,2022.3485714285714,2025.8236734693878,2026.9330612244898,0.8946938775510204,0.6195918367346939,5170.9167346938775,-0.31346938775510164,-4.520487772706862,68.5469387755102,32.110065903614476,-14.106323519167585,32.188005399780955,-13.83748681927711,31.97930881708654,-14.009791419496173,99075.0,11528.0,97440.0,CVL -> COP,0.0008097610246484646
2016-12-05,CVL,COP,1507,621,8.261446582614466,1998.28798938288,2004.6509621765097,1999.125414731254,0.8506967485069675,0.6237558062375581,3683.262110152621,-1.4397478433974777,-5.041694529433349,59.250165892501656,33.31547902417401,-20.763381451249007,33.290665973387064,-19.881254904032268,33.332162097580614,-20.74399461370968,189255.0,32943.0,189032.0,CVL -> COP,0.0009670745449551694
2016-12-12,CVL,COP,1858,550,7.403121636167922,1641.3858988159311,1656.681377825619,1665.0984930032294,0.8503767491926802,0.7002152852529602,3143.9876210979546,-1.5249730893433813,-4.951511540863465,65.79655543595264,39.91969015549941,-45.677631532237676,39.77992271554997,-45.29051734134006,39.95351989506958,-45.40040939570164,593487.0,94871.0,589794.0,CVL -> COP,0.0012030811309221637
2016-12-19,CVL,COP,1681,615,7.392028554431886,1571.2391433670434,1577.327781082689,1575.2189173111244,0.7965496728138013,0.7168352171326592,3478.531231409875,-2.116656751933373,-6.192446370527067,56.80547293277811,24.120824133471665,25.465971134163205,24.553795902624337,25.323267092541418,24.455132893572934,26.04419017968209,191248.0,31324.0,190646.0,CVL -> COP,0.001073273759510061
2016-12-26,CVL,COP,921,421,6.697068403908795,1799.413680781759,1819.9370249728556,1815.9956568946798,0.9066232356134636,0.741585233441911,4007.110749185668,-1.5006514657980456,-4.760857826519902,64.51682953311618,33.020976208504806,-9.253935674897123,33.01292182167352,-9.509496569272978,33.069023163237325,-9.349071710562416,126812.0,15600.0,126591.0,CVL -> COP,0.0007552597568736019
2017-01-02,CVL,COP,1417,599,7.256175017642907,1728.7706422018348,1766.848976711362,1760.7755822159493,0.8539167254763586,0.7332392378263938,3420.4812985179956,-1.252081863091037,-4.399970700403746,63.712067748764994,31.216968827966877,-28.87890544986201,31.17196316099356,-29.328221024839,31.23961247102116,-28.86533933210672,87458.0,12963.0,86949.0,CVL -> COP,0.0010679863370103618
2017-01-09,CVL,COP,1808,586,6.996681415929204,1644.2765486725664,1660.383296460177,1651.2693584070796,0.7848451327433629,0.7483407079646017,3287.1061946902655,-3.5486172566371685,-6.207797537671632,61.66482300884956,32.17259740859527,-7.5721278601667725,31.95547543938423,-8.225326942912119,32.12127499037847,-8.099651452212957,406754.0,65989.0,406602.0,CVL -> COP,0.0011369281559503223
2017-01-16,CVL,COP,1447,617,8.682100898410505,1984.3241188666207,2288.3828610919145,2305.655839668279,0.9094678645473393,0.598479612992398,4755.00414651002,-2.573807878369039,-4.058889241595492,62.1147201105736,33.65958277257524,-12.765163474916394,33.442728286672256,-12.422489279128254,33.735907530100334,-12.602847525083613,152964.0,4617.0,152463.0,CVL -> COP,0.0007559957200297592
2017-01-23,CVL,COP,1468,706,10.341280653950953,2668.3276566757495,2676.617166212534,2701.2554495912805,0.8828337874659401,0.6757493188010899,4903.780653950954,-0.785558583106267,-3.70770931199598,67.57493188010899,29.716147129824567,-20.830597464912287,29.727698975438607,-20.95708975175439,29.71503081754387,-20.951509453508766,167596.0,16657.0,167147.0,CVL -> COP,0.0007197397954330843
2017-01-30,CVL,COP,1175,602,7.845106382978724,1947.044255319149,1933.1012765957446,1956.0944680851064,0.7736170212765957,0.5668085106382978,3819.3778723404257,-0.3084255319148934,-4.250901892344451,61.07234042553191,27.336535979830142,-22.338425319532913,26.827161783439486,-16.93335977494692,27.266836786624197,-22.45470001167729,76954.0,7316.0,76788.0,CVL -> COP,0.0005352482618097404
2017-02-06,CVL,COP,1404,702,7.049145299145299,1774.6096866096866,1796.6680911680912,1794.61396011396,0.8482905982905983,0.6908831908831908,3843.0413105413104,-0.6533475783475782,-4.491720276826759,70.38461538461539,25.432956073606725,-15.143200365930609,25.1926860851735,-15.338451131440584,25.733025695057833,-14.836211909568876,206182.0,19555.0,205990.0,CVL -> COP,0.0007047708064254617
2017-02-13,CVL,COP,3382,651,4.335600236546422,1009.7655233589592,838.1268480189237,1053.5,0.6374926079243052,0.9024246008279124,1838.7740981667653,-2.1676818450620927,-4.775333633988005,39.80189237137788,32.06348475892276,-64.49083097436781,34.07591674886451,-61.625898648929414,34.10978097663869,-61.657028956197415,2944685.0,17974.0,2944063.0,CVL -> COP,0.001567457687448381
2017-02-20,CVL,COP,2263,748,6.26601855943438,1377.9080866106938,1389.707467962881,1377.543526292532,0.8510826336721167,0.6981882456915599,3132.2532037118867,-4.103446752098984,-5.8270605036776475,50.45514803358374,30.69892762710135,-30.13895453998985,30.618792471726927,-29.90522991849215,28.619189672949553,-28.15467586704023,288770.0,85081.0,288112.0,CVL -> COP,0.0012851375517419776
2017-02-27,CVL,COP,1694,602,8.190672963400235,1956.5914994096813,1930.4445100354192,1968.3972845336482,0.7733175914994097,0.6233766233766234,3439.252656434475,-0.8885478158205425,-4.997638135238167,57.07201889020071,33.01437813933241,-15.666438217706856,33.27460467732562,-15.853539457848873,33.20022900217869,-15.731103423384203,244607.0,59396.0,243502.0,CVL -> COP,0.0008592651507619765
2017-03-06,CVL,COP,1497,575,8.458917835671343,2095.7408149632597,2094.38543754175,2103.5110220440883,0.8176352705410822,0.533066132264529,3732.9719438877755,0.4363393453573822,-4.759561695611801,65.47762191048764,30.427325812812803,-22.343313222222214,31.703855512306284,-18.52112494895169,30.320591568568563,-22.32938493993994,283552.0,34723.0,283115.0,CVL -> COP,0.0008653984561569025
2017-03-13,CVL,COP,1591,598,8.692017598994344,2027.865493400377,1917.0672532998115,2001.240100565682,0.7479572595851666,0.6851037083595223,4139.4946574481455,-2.137335009428033,-5.276294896735127,54.50031426775613,21.84881584570169,-4.962979231841522,20.017642603232918,-2.9920975766691194,19.967276288023513,-2.9289833213499734,175856.0,47462.0,175244.0,CVL -> COP,0.0008451168077850609
2017-03-20,CVL,COP,1014,534,6.997041420118343,1571.63708086785,1581.9970414201184,1592.3599605522681,0.8293885601577909,0.5956607495069034,3080.054240631164,-1.5359960552268241,-4.78165914949335,70.29585798816568,29.440807818867928,-34.08255399874218,29.94921375597482,-34.24487412830194,29.673002812578595,-33.922084862893136,92265.0,10992.0,91974.0,CVL -> COP,0.0005778653630692743
2017-03-27,CVL,COP,1463,604,8.136705399863295,1853.9945317840054,1888.850991114149,1872.0444292549555,0.8974709501025291,0.5659603554340397,3725.6343130553655,-3.2168831168831162,-6.892292607970723,57.908407382091596,32.035244063758384,20.276253872483213,32.09285824161073,19.861540709731536,32.1047133590604,20.482616422818786,592500.0,84220.0,590413.0,CVL -> COP,0.0009359569984377259
2017-04-03,CVL,COP,1605,648,8.182554517133957,1886.3532710280374,1910.7389408099689,1900.9401869158878,0.8336448598130841,0.638006230529595,3994.771339563863,-1.7646105919003114,-5.500098769524024,62.55451713395639,30.137697665105385,-29.9224206151444,30.062780205629398,-30.24290273494916,30.005895113281248,-29.87378533437498,176438.0,19277.0,167600.0,CVL -> COP,0.0008088343864978579
2017-04-10,CVL,COP,1163,581,7.034393809114359,1707.8306104901117,1742.9131556319862,1717.9914015477214,0.8564058469475494,0.6990541702493551,3922.877042132416,-1.5374892519346517,-4.842887911814191,62.51074806534824,31.071357047846906,-14.031834758373202,31.045900732057433,-14.48312532775119,31.08065793301437,-14.35124706698564,55393.0,7017.0,52738.0,CVL -> COP,0.0006853351247510283
2017-04-17,CVL,COP,1155,529,6.129004329004329,1485.7160173160173,1497.077922077922,1498.1549783549783,0.8389610389610389,0.7220779220779221,3278.7168831168833,0.0796536796536798,-4.827041716936927,62.74458874458875,31.666066235083534,-26.516022096658713,31.72326342362769,-26.230887420047733,31.753124349642004,-26.380383792362775,108324.0,14048.0,107792.0,CVL -> COP,0.0007503630002826042
2017-04-24,CVL,COP,1387,638,8.76928622927181,2362.5529920692143,2369.4844989185294,2372.5097332372025,0.9156452775775054,0.6748377793799567,4260.234318673396,-1.3582552271088677,-5.296194644652927,64.47007930785868,25.699690883068236,-32.09096923386342,25.36404323105701,-31.01660886716557,25.33271952666038,-30.639188816651068,111405.0,27132.0,110183.0,CVL -> COP,0.0007695709323016164
2017-05-01,CVL,COP,1174,509,7.871379897785349,1588.6465076660988,1757.2742759795572,1764.3083475298126,0.7708688245315162,0.7470187393526405,3894.5485519591143,-2.3592844974446345,-5.4382453688778805,70.2640545144804,30.971548311935788,-26.097392059177523,30.932708492477413,-25.673423192577726,30.945414741223654,-25.747495352056156,294003.0,32255.0,290302.0,CVL -> COP,0.0009730682233547978
2017-05-08,CVL,COP,2371,633,9.626318009278785,2018.373260227752,2030.0843525938424,2023.6052298608183,0.7789962041332771,0.53395191902151,3855.700126528891,-1.874188106284269,-5.4444308442996405,60.61155630535639,31.94230753038406,-11.751966949927066,31.933643212931464,-40.6265602960622,31.943342260087515,-40.27675069956244,540621.0,89565.0,531910.0,CVL -> COP,0.001399441757901888
2017-05-15,CVL,COP,1681,700,8.19214753123141,2063.2528256989885,2020.0588935157643,2051.9696609161215,0.7739440809042237,0.693634741225461,5042.008923259964,-0.7763831052944674,-4.423530767438364,52.67697798929209,29.793743289822988,-18.892000774336278,29.72707659955753,-19.378538654867256,29.837789861890688,-19.017321810192026,129188.0,28295.0,128206.0,CVL -> COP,0.0009283933162308667
2017-05-22,CVL,COP,1224,588,6.302287581699346,1382.1568627450981,1398.9591503267975,1400.1200980392157,0.8937908496732027,0.75,2731.473039215686,-1.6830065359477124,-5.44412954152928,70.36764705882354,30.058209038238715,3.7014159466975647,30.67135025492469,-0.2689346674391717,30.754633626882974,1.4949206512166795,160744.0,15138.0,160107.0,CVL -> COP,0.0007003410157233424
2017-05-29,CVL,COP,1261,533,8.203806502775574,1741.2624900872324,1726.3774781919112,1759.5781126090405,0.8041237113402062,0.7010309278350515,3728.937351308485,-3.183425852498018,-5.550746525184437,57.65265662172879,18.83727658717434,8.039861940881766,18.934660934804416,8.03241392978937,18.971675548645933,7.693097520561686,69259.0,12885.0,68888.0,CVL -> COP,0.0008781055760052254
2017-06-05,CVL,COP,1414,633,5.6492220650636495,1251.1534653465346,1253.5756718528996,1243.2319660537482,0.806930693069307,0.7885431400282885,3385.286421499293,-1.536562942008486,-5.270680137447141,62.60961810466761,33.66103995224451,-7.223537065902577,33.60753099331422,-7.300520636103153,33.59239638013371,-7.195068880611269,103713.0,17215.0,101745.0,CVL -> COP,0.000872546502902729
2017-06-12,CVL,COP,1931,605,11.700155359917142,2534.0849300880373,2516.7907819782495,2534.526152252719,0.7281201450025894,0.41015018125323666,4230.628171931641,-2.0918177110305534,-5.944678141520098,50.854479544277574,32.23656217566764,-29.78532354124631,32.43899437744806,-29.834567531157273,32.23817441899109,-29.86566346112759,327179.0,72325.0,326784.0,CVL -> COP,0.0013108918069601498
2017-06-19,CVL,COP,1836,618,7.0887799564270155,1628.458605664488,1651.5506535947713,1606.1285403050108,0.900871459694989,0.696078431372549,3495.4455337690633,-1.3808278867102404,-5.616935011599936,66.79738562091504,27.605304929677416,10.86555973935487,28.077580781290315,11.515375074838735,27.55059565225806,10.745383026451632,664318.0,68980.0,660007.0,CVL -> COP,0.0012472885400949597
2017-06-26,CVL,COP,2231,575,8.971313312415957,2188.7593007619903,2229.537875392201,2194.051994621246,0.819363514119229,0.5199462124607799,3293.568354997759,-2.1412371134020614,-4.908695022252009,63.428955625280146,33.131880277580116,-33.76746972445345,31.897218875444878,-33.39977430147429,31.91562652567366,-33.38777104778847,861582.0,124708.0,857486.0,CVL -> COP,0.0017585206671501088
2017-07-03,CVL,COP,1517,510,8.862887277521423,2012.7468688200395,2032.3493737640079,2020.3599208965063,0.8352010547132498,0.5767963085036256,3794.607119314436,-0.6700725115359274,-5.373232662822804,58.833223467369805,28.8910408231707,-22.697499002286573,28.528345152438995,-23.32262056249999,28.53724645579265,-23.219435348323163,197784.0,35013.0,196795.0,CVL -> COP,0.0010580541846496355
2017-07-10,CVL,COP,1128,521,7.912234042553192,1997.2304964539007,2017.438829787234,2021.674645390071,0.8218085106382979,0.5656028368794326,4448.874113475177,-2.4267730496453894,-5.2410055216709175,57.526595744680854,21.82379020581899,-4.304211318965534,21.86323023814658,-4.199663567887949,21.884949699353477,-3.845630306034495,104160.0,22207.0,103897.0,CVL -> COP,0.0008397830858157063
2017-07-17,CVL,COP,965,395,7.754404145077721,1938.4155440414509,1958.8041450777202,1980.6901554404144,0.81139896373057,0.5150259067357513,3871.3295336787564,-1.7826943005181348,-4.612374189144927,63.233160621761655,24.158297379042693,-27.400121953428243,22.8114073919793,-26.712506222509752,23.51541278654593,-27.306532367399782,91075.0,9738.0,90748.0,CVL -> COP,0.0009172367316716616
2017-07-24,CVL,COP,2157,592,9.546592489568846,2424.256374594344,2447.368103847937,2449.8354195642096,0.7904496986555402,0.4951321279554937,3880.9119146963376,-2.867130273528048,-5.295274399132831,53.51414000927214,26.235936644584665,-58.38285905888537,26.048770382755027,-58.65857701104096,26.036399036803406,-58.245721035751785,412857.0,100980.0,411655.0,CVL -> COP,0.001490970195111802
2017-07-31,CVL,COP,1625,719,7.044307692307692,1818.2603076923076,1814.6123076923077,1816.369846153846,0.8892307692307693,0.6836923076923077,3663.4301538461536,-1.3397538461538452,-4.119672253626492,62.20307692307692,22.789857344313717,3.3664601647058854,22.919557438431365,2.8605864549019615,22.907244622745086,3.0695392784313733,247057.0,34481.0,245320.0,CVL -> COP,0.001217947372681403
2017-08-07,CVL,COP,1606,529,9.177459526774594,1754.6656288916563,1747.4713574097136,1793.422789539228,0.927148194271482,0.861145703611457,3435.4383561643835,-2.254794520547945,-4.177257880315549,48.72353673723537,33.130626057692325,2.3121072662721867,32.97231307692308,2.3785974711538427,33.047792573964514,2.555368277366861,225554.0,41737.0,224869.0,CVL -> COP,0.001365143616338542
2017-08-14,CVL,COP,1676,540,9.677804295942721,1930.9856801909307,1945.4636038186156,1947.8180190930786,0.8102625298329356,0.6348448687350835,4075.3920047732695,-3.129773269689737,-6.112040834716604,64.0871121718377,34.116506727090325,-31.407675569230747,34.23804079531776,-31.243597507692286,34.307965400668934,-31.607577913043453,479437.0,55468.0,478289.0,CVL -> COP,0.0014477180301360301
2017-08-21,CVL,COP,1046,366,8.564053537284895,2199.574569789675,2186.323135755258,2199.593690248566,0.9091778202676865,0.8527724665391969,4583.744741873805,-0.9106118546845123,-5.581390889820604,53.565965583174,28.959622797186388,-34.644993482435694,29.050431922626007,-33.6840614203748,28.726450914419676,-33.61291544847784,122074.0,30989.0,121832.0,CVL -> COP,0.0011412971726162875
2017-08-28,CVL,COP,973,489,7.006166495375129,1778.1685508735868,1719.1808838643371,1795.9311408016445,0.7841726618705036,0.6957862281603289,3918.1058581706066,-0.5696813977389521,-4.860825650478304,60.4830421377184,25.500338081471764,-28.726115299605784,25.85367995663603,-29.197047274638635,25.91431683837058,-29.38966182522996,37474.0,7378.0,36898.0,CVL -> COP,0.0007404025415667922
2017-09-04,CVL,COP,1271,494,5.7883556254917385,1395.4217151848939,1409.1974822974037,1425.0306845003934,0.9213217938630999,0.7671125098347757,3258.4830841856806,-3.4403619197482302,-5.359234704899135,73.32808811959087,30.124347746666697,-2.5600772295237864,30.066418151428607,-1.7141414790475973,30.009419544761936,-1.9573420599999787,747291.0,14932.0,747004.0,CVL -> COP,0.000994582615697503
2017-09-11,CVL,COP,900,420,8.213333333333333,2010.7133333333334,2033.5555555555557,2031.0955555555556,0.7677777777777778,0.6944444444444444,4677.406666666667,-1.5716666666666668,-4.523611733630143,53.94444444444444,30.486840759776534,5.721795808659217,30.581967663407827,11.719217344972066,30.594653948324023,11.617058639664807,36469.0,7040.0,36214.0,CVL -> COP,0.0007951977126579572
2017-09-18,CVL,COP,1417,528,6.281580804516584,1354.7904022582923,1365.0635144671842,1378.0839802399435,0.8193366266760762,0.726182074805928,3763.78969654199,-0.6276640790402257,-6.081628596196471,59.27311220889202,32.28539830200173,-35.461564926022625,32.62143808442123,-37.0933718102698,31.938510503916444,-32.79635577284595,107346.0,19996.0,106538.0,CVL -> COP,0.001021658879852339
2017-09-25,CVL,COP,1085,476,5.469124423963134,1253.2645161290322,1228.2359447004608,1251.4700460829492,0.8525345622119815,0.7539170506912443,2748.6350230414746,-1.7543778801843317,-5.215853384228153,63.963133640552996,31.050295930011846,-0.7773749584816053,30.934594142348743,-0.1391560865954873,30.973276502965582,-0.37508674970343225,127162.0,7630.0,127032.0,CVL -> COP,0.0008821044980825406
2017-10-02,CVL,COP,1282,604,6.5756630265210605,1779.955538221529,1778.1146645865836,1784.9141965678627,0.8970358814352574,0.7160686427457098,3420.0304212168485,-3.2439937597503894,-4.5692712298056515,68.37753510140405,29.842429118762475,1.739227803589228,30.194931965069873,-2.944812150548367,30.160727061876255,-3.0201198115653107,242962.0,27777.0,241544.0,CVL -> COP,0.0009994955743864056
2017-10-09,CVL,COP,1519,537,5.729427254772877,1520.6194865042792,1506.5523370638577,1513.0032916392363,0.9032258064516129,0.7689269256089533,3468.2416063199476,-2.022778143515471,-5.948912559814165,56.05003291639236,30.50294732576988,-35.779892138573786,30.331421934359838,-36.13986614181529,30.057388435980577,-36.68041540437606,176042.0,44026.0,174585.0,CVL -> COP,0.0011154067856972395
2017-10-16,CVL,COP,1542,560,5.643968871595331,1367.252269779507,1384.0856031128405,1379.943579766537,0.8463035019455253,0.8352788586251622,3192.0739299610896,-4.481387808041504,-6.985970661955082,60.907911802853434,29.769411801659142,28.555973828054356,29.738985706636505,29.03037802865767,29.719487359728525,29.11831465007547,338221.0,51261.0,337670.0,CVL -> COP,0.0011327532441773765
2017-10-23,CVL,COP,967,511,6.796277145811789,1627.0434332988625,1630.440537745605,1645.6918304033093,0.9089968976215098,0.6938986556359876,3167.918304033092,0.11582213029989653,-3.9873203700083026,69.29679420889349,28.059406485451767,-19.246918802450228,28.3239064762634,-22.92072890964778,29.446199800918837,-20.726869817764165,53406.0,7773.0,52701.0,CVL -> COP,0.0007212424165126475
2017-10-30,CVL,COP,1020,502,6.447058823529412,1564.3303921568627,1583.6676470588236,1576.143137254902,0.8872549019607843,0.7852941176470588,3148.478431372549,-1.6060784313725491,-5.599482447822786,65.61764705882354,30.592723400996256,-19.43267940597758,30.18144304556961,-20.019085102531644,30.330256239348362,-18.912000751879695,120507.0,5184.0,119981.0,CVL -> COP,0.0006798776220280349
2017-11-06,CVL,COP,1076,435,5.935873605947956,1340.1022304832713,1334.7936802973977,1355.7016728624535,0.8986988847583643,0.7685873605947955,2698.218401486989,-3.008550185873606,-4.634807662282528,75.15799256505576,23.29159929349114,0.37475639289939366,24.527210132544397,-1.1449546272189506,23.217518533727823,0.7740445041419952,323029.0,7394.0,322437.0,CVL -> COP,0.0007443039305611471
2017-11-13,CVL,COP,1624,534,8.064039408866995,1905.6625615763546,1923.1754926108374,1941.5738916256157,0.8516009852216748,0.6477832512315271,3654.1625615763546,-3.2304802955665024,-4.516335727134396,56.1576354679803,32.83742636175941,-22.8215568043088,32.88093458812948,-22.922090150179862,32.9089061708633,-22.83122898111511,369900.0,67864.0,368941.0,CVL -> COP,0.0011034940126616426
2017-11-20,CVL,COP,766,415,6.4164490861618795,1414.570496083551,1422.313315926893,1421.345953002611,0.8694516971279374,0.7127937336814621,3373.1096605744124,-1.7406005221932117,-4.707488714619333,63.56396866840731,30.45500865775401,-31.12880116755793,29.858359313725487,-29.27883438146167,29.786959156862746,-29.166422688057036,27434.0,3267.0,26900.0,CVL -> COP,0.0006689757684051304
2017-11-27,CVL,COP,1409,494,7.1398154719659335,2422.3953158268278,2426.917672107878,2460.1845280340667,0.9368346344925479,0.7267565649396736,3038.2704045422283,-1.741163946061038,-5.112485509932417,63.0305180979418,17.571775155534368,-5.005798778625958,17.579500334923683,-5.123417747137409,17.524666432251923,-5.08344367652672,207744.0,28716.0,193858.0,CVL -> COP,0.0009558465381259981
2017-12-04,CVL,COP,1094,463,5.729433272394881,1218.8510054844608,1208.837294332724,1226.3336380255942,0.8820840950639853,0.8144424131627057,2951.3583180987202,-2.503016453382084,-6.738801877885558,72.91590493601463,30.890890037037014,-47.53483331604941,30.18592973209875,-48.50627001975311,30.129958506172823,-47.90081989629631,346995.0,6564.0,345965.0,CVL -> COP,0.0006694439821024702
2017-12-11,CVL,COP,778,444,7.519280205655527,1708.1066838046272,1706.2480719794344,1713.5681233933162,0.8123393316195373,0.6015424164524421,3293.5115681233933,-0.6068123393316194,-4.629934544646059,58.18766066838046,27.23922714569537,-20.08239003807946,27.265499993377496,-20.005990336092708,27.18563911589405,-20.183513514900653,17781.0,3013.0,17586.0,CVL -> COP,0.0006208320266335343
2017-12-18,CVL,COP,1140,450,5.743859649122807,1378.7570175438595,1388.4719298245614,1405.3140350877193,0.9017543859649123,0.8052631578947368,3381.5482456140353,-1.3480701754385962,-5.039870352754413,58.64912280701754,23.7585444297424,7.683414460187381,23.8271549590164,5.633312402810316,24.0975281709602,7.347564448477772,71974.0,13022.0,70499.0,CVL -> COP,0.0009711210740939824
2017-12-25,CVL,COP,744,389,7.701612903225806,2329.1155913978496,2355.6760752688174,2350.3817204301076,0.8870967741935484,0.7150537634408602,3626.8010752688174,-2.0934139784946235,-4.018716341264724,72.27150537634408,31.58808268551236,-38.33871314260567,30.719744091710766,-37.833981804577505,31.48252190812721,-38.65387088908454,88058.0,8188.0,87920.0,CVL -> COP,0.0009244544289940718
2018-01-01,CVL,COP,1735,480,4.960230547550433,1151.5988472622478,1168.4472622478386,1177.5625360230547,0.7729106628242075,0.8737752161383285,3082.8167146974065,-4.546858789625356,-5.683420153375067,45.054755043227665,35.998946044884484,-64.68871138283828,36.043011817821764,-64.46461162442243,36.03036729900988,-64.46747120660065,321681.0,71061.0,321461.0,CVL -> COP,0.0016085323602407886
2018-01-08,CVL,COP,1857,487,9.899299946149704,2361.981152396338,2362.763058696823,2365.1007000538502,0.7474421109316102,0.5401184706515886,3635.3257942918685,-2.1750673128702207,-6.3346874947884055,58.8099084544965,31.598417828413282,-26.00526382164819,30.37441487822878,-25.548439383148818,30.849807822263216,-24.636533464944623,557198.0,77495.0,556954.0,CVL -> COP,0.0014102026682219144
2018-01-15,CVL,COP,1147,512,7.993897122929381,1867.9293809938972,1862.6774193548388,1879.5492589363557,0.8805579773321709,0.6155187445510026,3588.9433304272015,-1.330427201394943,-5.485369443748469,69.40714908456845,34.334573941747585,-12.720486743257819,34.05508883926646,-11.91869655231931,34.132291199568506,-11.884222823085219,85918.0,8356.0,85005.0,CVL -> COP,0.0008193588713277971
2018-01-22,CVL,COP,1169,563,6.689478186484174,1471.0076988879384,1466.72626176219,1467.9760479041915,0.8905047048759623,0.7408041060735672,2928.082976903336,-0.9769033361847735,-4.825137130441072,74.07185628742515,31.614406319018403,-45.08629877055215,31.630130433128826,-43.88333741717791,31.665737746012265,-44.565902730061346,108850.0,11976.0,106871.0,CVL -> COP,0.0008563964536835304
2018-01-29,CVL,COP,1014,537,6.400394477317554,1360.4132149901382,1381.5719921104537,1382.4595660749508,0.8589743589743589,0.7011834319526628,2988.258382642998,-0.6998027613412225,-5.041051375109317,67.7810650887574,25.90338208201059,-20.848013746031747,27.77765554907163,-25.416585961538466,25.96558686622518,-21.7872810794702,48266.0,5537.0,48142.0,CVL -> COP,0.0007558297281100082
2018-02-05,CVL,COP,1127,503,8.099378881987578,1824.8766637089618,1816.3673469387754,1821.42413487134,0.8349600709849158,0.6929902395740906,3717.7533274179236,-2.466637089618456,-5.1118762705212974,63.850931677018636,30.0497640464839,-12.202059069129906,29.401297445768773,-12.885966671036941,29.31096622765197,-12.22505076877234,80980.0,11946.0,80527.0,CVL -> COP,0.0008542531879106877
2018-02-12,CVL,COP,1603,550,6.351840299438552,1415.6400499064255,1406.6051154086088,1404.1765439800374,0.8284466625077979,0.7860262008733624,3482.3462258265754,1.4450405489706821,-5.105293228374705,64.72239550842171,36.0237295727815,-35.511106870022424,36.12696407688291,-35.08052615413875,36.021720601864274,-35.29832419291578,369438.0,48287.0,367605.0,CVL -> COP,0.0011310325558160686
2018-02-19,CVL,COP,1352,495,4.752218934911243,1195.2211538461538,1233.3099112426034,1223.5436390532545,0.893491124260355,0.8284023668639053,4062.023668639053,-1.1668639053254437,-4.691758599635248,77.89201183431953,23.44975893817468,37.32905502058823,24.053731293424924,37.14872280490196,23.7730365299313,36.8557039362745,492230.0,47956.0,480668.0,CVL -> COP,0.0008963722119310324
2018-02-26,CVL,COP,1406,513,8.297297297297296,2073.213371266003,2081.844238975818,2053.896159317212,0.8705547652916074,0.6856330014224751,4464.9132290184925,-1.197652916073969,-3.628436679590035,56.11664295874822,28.29049672591941,-46.61355732604895,28.534823640734235,-47.72513652272726,28.516960377952728,-47.66423080681818,256283.0,62691.0,255988.0,CVL -> COP,0.0009626747843567402
2018-03-05,CVL,COP,1281,542,6.537861046057768,1754.4769711163153,1774.0991412958626,1761.6510538641687,0.8548009367681498,0.7595628415300546,3332.3708040593287,-0.43231850117096077,-4.521841582456326,63.48946135831382,34.893617516256164,-54.30841969261091,35.05781972315272,-46.26819968867001,34.267035417734,-55.10824169458136,159614.0,30736.0,155297.0,CVL -> COP,0.0007466627497473237
2018-03-12,CVL,COP,1081,537,6.6901017576318225,1747.7918593894542,1706.8075855689176,1749.9010175763183,0.8288621646623496,0.7326549491211841,4483.850138760407,-1.716373728029602,-4.186501117588416,60.05550416281221,24.70163617713004,-24.217191563901338,24.954265337443942,-26.2072521928251,24.946847848654695,-26.40749826008967,49709.0,7836.0,49463.0,CVL -> COP,0.0006696234993867463
2018-03-19,CVL,COP,989,532,6.538928210313448,1980.6723963599595,1989.9817997977755,1985.9089989888776,0.871587462082912,0.7017189079878665,3268.0424671385235,-0.0915065722952474,-4.352341600369405,64.47927199191102,25.19256238061798,-24.220920716292135,27.19222316011236,-28.112994036516852,24.890372935393255,-24.16118316994382,37856.0,4541.0,37732.0,CVL -> COP,0.0006692928572443677
2018-03-26,CVL,COP,1058,494,7.891304347826087,1868.999054820416,1877.8459357277882,1904.663516068053,0.8941398865784499,0.6512287334593573,4132.810018903591,-1.4541587901701323,-4.964122175343413,58.42155009451796,28.653399348865012,-50.600276090800456,29.20860856989249,-48.05710402270009,28.681665095579465,-51.100876213858996,69089.0,16129.0,68813.0,CVL -> COP,0.0006990119353975548
2018-04-02,CVL,COP,1705,576,8.885630498533724,2183.51788856305,2218.899706744868,2219.841055718475,0.8211143695014663,0.5782991202346041,4011.3073313782993,-3.220527859237537,-5.50188199103095,58.97947214076246,34.66506708732762,-35.36102349835854,34.728723590938934,-35.60242054957327,34.69235121076821,-35.458174646749875,320961.0,60692.0,317655.0,CVL -> COP,0.0011207623024204522
2018-04-09,CVL,COP,1102,528,7.124319419237749,1600.901996370236,1607.7159709618875,1611.5843920145192,0.8666061705989111,0.690562613430127,3175.5335753176046,0.3172413793103447,-4.083430422241918,71.02540834845735,33.02686333108109,-33.92727194864863,32.98377997972974,-34.56546319864864,33.06906920945948,-33.63472657702702,103710.0,9906.0,86385.0,CVL -> COP,0.0005550756429080524
2018-04-16,CVL,COP,1573,575,5.7972027972027975,1617.4278448823904,1622.297520661157,1629.7787666878576,0.7037507946598855,0.7933884297520661,3493.350286077559,-0.9161474888747619,-4.98772916725964,57.565162110616654,31.03976874514376,-22.586464340838518,31.269589229037276,-18.531049656832312,31.422957874223616,-15.067391321428586,211186.0,32761.0,210712.0,CVL -> COP,0.0009756811625306179
2018-04-23,CVL,COP,1053,533,6.128205128205129,1603.6780626780626,1595.1547958214626,1630.3000949667617,0.8784425451092118,0.7635327635327636,3514.9164292497626,-2.0572649572649566,-5.085844811544484,67.64482431149098,28.564037315589353,-20.934531083650178,28.91786727756654,-20.58780943979721,28.718989039290236,-20.237895422053224,77250.0,9833.0,76485.0,CVL -> COP,0.0006674378436623512
2018-04-30,CVL,COP,1529,548,6.143230869849575,1611.629823413996,1642.9189012426423,1635.5245258338784,0.9169391759319817,0.7769784172661871,3408.688685415304,-0.9632439502943101,-2.636393758156352,62.42642249836494,30.193187483736516,-58.236184335279695,29.43495539699756,-59.83296679399529,30.114584077564704,-58.36000559633055,473812.0,76685.0,472210.0,CVL -> COP,0.0010208987113574147
2018-05-07,CVL,COP,1541,593,7.349772874756652,1583.091499026606,1585.2452952628164,1593.3393900064893,0.8942245295262816,0.6807268007787152,3648.3627514600907,-4.004412719013628,-5.904489108556154,66.58014276443868,29.92563710556005,-13.201735962127303,30.113635077356978,-15.911708157937152,30.127176707493962,-16.147590043513304,264803.0,27876.0,264463.0,CVL -> COP,0.0008084646935441393
2018-05-14,CVL,COP,1223,626,6.077677841373672,1559.8446443172527,1567.1324611610794,1583.0310711365494,0.848732624693377,0.7694194603434178,3628.9975470155355,-0.834668847097302,-4.108632461424447,64.4562551103843,30.155408948293683,-38.63392599069287,30.067164809326417,-38.05366060414509,30.290735451913125,-39.73259326163393,89581.0,10110.0,89229.0,CVL -> COP,0.000704159260903385
2018-05-21,CVL,COP,2449,585,8.60759493670886,1863.79011841568,1856.6529195590037,1870.3989383421804,0.8811759902000816,0.6794610044916293,3357.2319314005717,-4.0882809309922425,-5.648290563365416,68.18701510820743,37.273212711330025,-61.68360393842348,37.39585948965514,-61.301185552709214,37.27706290935958,-61.53463710295552,1520667.0,168327.0,1509494.0,CVL -> COP,0.001543284757778653
2018-05-28,CVL,COP,1145,524,6.511790393013101,1361.4786026200873,1369.0069868995633,1367.296943231441,0.8943231441048035,0.7013100436681222,2813.2541484716157,-1.2631441048034937,-4.972101321100185,69.1004366812227,27.41005253884713,-22.390522908521298,27.24687314035089,-21.859661521303252,27.164628332496864,-21.72984157340025,149297.0,16897.0,127669.0,CVL -> COP,0.0007295168241233693
2018-06-04,CVL,COP,1205,472,5.364315352697095,1204.4829875518672,1226.88132780083,1244.291286307054,0.8788381742738589,0.8572614107883817,2832.607468879668,-0.7093775933609967,-4.41786677712144,61.27800829875519,36.22617395687887,-50.293491592402376,36.16178504517456,-50.51919775256665,36.16321245790557,-50.67838019609848,126798.0,23924.0,126535.0,CVL -> COP,0.0008474534551134497
2018-06-11,CVL,COP,1876,616,8.041577825159914,1682.1807036247335,1734.7803837953093,1698.9434968017058,0.9088486140724946,0.4573560767590618,3437.339552238806,-0.5590618336886995,-5.1637249059458785,53.41684434968017,18.258646767652387,-47.604108066988445,16.685669320458658,-49.48909787266143,16.647095727821362,-49.28721701931201,671834.0,147615.0,671592.0,CVL -> COP,0.0012925682835712917
2018-06-18,CVL,COP,1117,624,7.871978513876455,2142.13339301701,2172.3276633840646,2156.714413607878,0.8540734109221128,0.6025067144136079,4081.094897045658,-0.7348254252461951,-4.585750535352142,60.46553267681289,25.2362894275701,-34.86043192056074,25.30608066471963,-35.70859562733645,25.179235400700936,-35.70833297196261,62194.0,9076.0,61668.0,CVL -> COP,0.0007783576166508603
2018-06-25,CVL,COP,1600,560,9.4975,2359.375625,2369.680625,2370.635625,0.918125,0.4625,4443.120625,0.0922500000000004,-4.2473090280020775,59.0125,29.706152724778754,-51.301271720354,29.34571771592919,-51.44807169380533,29.337954423893798,-51.274652392920366,223754.0,47148.0,223309.0,CVL -> COP,0.0010847141405369199
2018-07-02,CVL,COP,1137,510,6.315743183817062,1357.2937554969217,1384.1943711521549,1370.409850483729,0.8381706244503079,0.7590149516270889,2847.6420404573437,-1.7422163588390505,-4.973615022116366,64.67897977132806,31.62939765336658,-16.648064498753115,32.0357369201995,-19.94742740274314,31.373985605985034,-14.005470911471317,79474.0,13682.0,78977.0,CVL -> COP,0.00092863175054844
2018-07-09,CVL,COP,1247,544,7.787489975942261,2593.0697674418607,2605.1074578989574,2596.399358460305,0.90056134723336,0.7121090617481957,3727.7016840417,1.1060144346431433,-4.116660849889611,69.7514033680834,22.900589811702137,-6.283670204255331,23.21027677872341,-6.269483250000011,22.928881332978733,-6.315991051063839,89888.0,9873.0,88484.0,CVL -> COP,0.0008214988962137926
2018-07-16,CVL,COP,1756,632,8.59624145785877,1971.7238041002279,1988.6025056947608,1983.1691343963553,0.8735763097949886,0.5945330296127562,3361.1987471526195,-0.17448747152619629,-4.77871363396022,70.09111617312072,31.626954304105798,-34.623696274687106,31.557501573416868,-34.21535060639781,31.53016968545583,-34.468867971488216,689206.0,71390.0,681122.0,CVL -> COP,0.0012129475938946462
2018-07-23,CVL,COP,1767,640,8.700622524052065,2095.625353706848,2131.6372382569325,2149.6881720430106,0.8924731182795699,0.7011884550084889,4233.716468590832,-0.6227504244482177,-4.403468218625686,69.20203735144312,26.924259691228094,-30.901608238596506,28.14916751649125,-30.7035555803509,28.184094119298265,-30.30907069052634,225445.0,24040.0,219144.0,CVL -> COP,0.0012409204581924978
2018-07-30,CVL,COP,1656,581,10.217391304347826,2769.0531400966183,2797.179347826087,2783.772342995169,0.9251207729468599,0.6280193236714976,5212.881642512078,0.05748792270531376,-3.572143164054733,71.66062801932367,27.77345365735294,-35.30900677794115,27.6331682360294,-35.15650600073527,33.001519998529396,-28.658600517647027,552220.0,53783.0,549844.0,CVL -> COP,0.0012057210590541206
2018-08-06,CVL,COP,1662,607,7.458483754512636,1732.2382671480145,1739.0324909747292,1736.2280385078218,0.8880866425992779,0.720216606498195,3769.5824308062574,-1.137063778580024,-4.821855742432462,72.32851985559567,33.92169654141104,-49.73195082285275,33.84208544018406,-50.00970428604293,33.751690688650314,-47.00136805291411,176329.0,19302.0,171741.0,CVL -> COP,0.0011816591148079234
2018-08-13,CVL,COP,1096,486,6.280109489051095,1413.7974452554745,1405.346715328467,1407.844890510949,0.8987226277372263,0.7728102189781022,3240.294708029197,-1.1975364963503652,-5.259489981222904,62.4543795620438,31.950658490220054,-15.857769094132026,32.01947468215159,-15.854067336185826,32.00403804400978,-15.764633722493883,56130.0,7408.0,55502.0,CVL -> COP,0.0008370424905985465
2018-08-20,CVL,COP,1435,556,5.333101045296167,1190.3839721254355,1190.02787456446,1198.780487804878,0.8780487804878049,0.8271777003484321,2536.8285714285716,-1.8878745644599306,-5.683198105572652,64.8362369337979,33.21458043366501,-55.223530961857385,33.91879178192373,-58.25807443283581,33.16006169651742,-55.225115043946914,169610.0,22942.0,167459.0,CVL -> COP,0.0009363363085120475
2018-08-27,CVL,COP,1385,522,9.081588447653429,2067.523465703971,2070.6454873646207,2079.7054151624548,0.9212996389891697,0.5335740072202166,3855.0187725631768,-1.3331407942238263,-6.21860698289211,66.8086642599278,32.576602577647044,-23.16686349764705,32.62833442705881,-23.534744945882345,32.63652833058822,-23.41310836823529,335620.0,40758.0,335367.0,CVL -> COP,0.0008779636820972745
2018-09-03,CVL,COP,1101,414,9.283378746594005,2087.291553133515,2116.0826521344234,2110.4114441416896,0.9227974568574023,0.6657584014532243,4149.796548592189,-1.098546775658492,-4.945342623084294,70.60853769300635,34.18440684502265,-46.5240863269231,34.298383899321294,-46.870046627828074,34.314125200226265,-46.88391889027152,308892.0,39552.0,308709.0,CVL -> COP,0.0006722182163199441
2018-09-10,CVL,COP,1030,476,6.564077669902913,1528.1941747572816,1542.3912621359223,1538.914563106796,0.874757281553398,0.7087378640776699,3200.661165048544,-2.4078640776699034,-5.053867776913974,68.06796116504854,30.448763951923077,-11.771499511217952,30.546943868378815,-11.864876715890851,30.336119572115386,-12.124660894230772,157477.0,17587.0,157153.0,CVL -> COP,0.0006697144090680631
2018-09-17,CVL,COP,1917,577,13.5962441314554,3793.3082942097026,3769.2373500260824,3825.0067814293166,0.7068335941575378,0.42149191444966094,5872.489827856025,-1.2415753781950962,-5.890655785606262,57.13093375065206,32.7389021820345,-30.900551679952397,32.44631651635928,-31.61571481677579,32.865502060678175,-30.262490188578155,330816.0,65299.0,330473.0,CVL -> COP,0.001204711004472576
2018-09-24,CVL,COP,1065,507,6.092018779342723,1387.2610328638498,1389.3821596244131,1382.75117370892,0.8375586854460094,0.7492957746478873,3563.3446009389672,-2.3072300469483564,-4.90033122557315,61.49295774647887,25.883766115337412,-22.58908551042943,25.820572571779138,-22.69722707239262,25.704659347239257,-22.088457906748452,45051.0,9565.0,44982.0,CVL -> COP,0.0006773951643526042
2018-10-01,CVL,COP,1575,545,7.949206349206349,1791.4698412698413,1802.655873015873,1810.6171428571429,0.8374603174603175,0.6768253968253968,4160.356825396825,-3.690222222222222,-5.153373413143954,64.1015873015873,30.71432619879517,-26.72051207218045,30.660360908201643,-24.399608796240603,30.9133932701279,-24.24942449699249,377009.0,45182.0,356620.0,CVL -> COP,0.0010387969214676123
2018-10-08,CVL,COP,806,402,5.729528535980148,1252.5235732009926,1267.0210918114144,1264.7059553349875,0.8498759305210918,0.7754342431761787,2569.1861042183623,-1.136724565756824,-5.115148272825164,61.30272952853598,30.2168937029361,-3.750666314974182,30.17753889500861,-1.7909494337349394,30.164846468158352,-3.863041287435455,35285.0,8534.0,35184.0,CVL -> COP,0.0005589683912390373
2018-10-15,CVL,COP,1036,526,6.670849420849421,1746.777027027027,1742.015444015444,1766.3233590733591,0.7953667953667953,0.7171814671814671,4069.5675675675675,-0.36303088803088807,-4.0988596713403584,59.95173745173745,27.579472206766916,-25.203697107769422,27.246958491228078,-21.467943979949876,27.899030139097746,-27.018973561403513,36112.0,5290.0,35832.0,CVL -> COP,0.0006108213247393839
2018-10-22,CVL,COP,1412,550,6.641643059490085,1685.128895184136,1698.3399433427762,1694.315864022663,0.8449008498583569,0.740084985835694,3276.291076487252,-3.0837110481586403,-5.970652898893192,63.392351274787536,33.670440208445655,-17.18154185265049,33.4325079973046,-17.261040414195858,33.37850915723272,-16.409950333333335,150297.0,16991.0,145485.0,CVL -> COP,0.0008912571586191573
2018-10-29,CVL,COP,1190,513,7.007563025210084,1717.6512605042017,1747.7571428571428,1732.3268907563024,0.8352941176470589,0.6579831932773109,3403.2563025210084,-2.3838655462184875,-5.573064887091083,64.0,31.33244963391934,-15.418765497414688,30.975640094105486,-15.775919685625654,31.097516707342297,-15.769880026887284,105008.0,14201.0,104912.0,CVL -> COP,0.0007513593922449609
2018-11-05,CVL,COP,2632,500,8.109422492401215,2047.2142857142858,2125.1063829787236,2096.87462006079,0.5843465045592705,0.8590425531914894,7020.842705167173,-1.5325607902735567,-4.056605415212417,55.33054711246201,31.47289311976299,-70.36830459796873,31.64721478163351,-71.96178141684302,32.17469338214134,-72.86059285865431,2719108.0,375500.0,2718646.0,CVL -> COP,0.0016042334208388215
2018-11-12,CVL,COP,1295,469,6.558301158301158,1668.7644787644788,1679.569884169884,1674.888030888031,0.8247104247104247,0.7096525096525097,3073.1482625482627,-1.671737451737455,-4.602832846482474,70.93436293436294,33.11142487800557,-29.15557492982286,32.834822454892816,-21.4298076698042,33.170818167847145,-28.98025834082006,368738.0,39604.0,364754.0,CVL -> COP,0.0008117854955558662
2018-11-19,CVL,COP,803,437,7.845579078455791,1775.658779576588,1760.6475716064758,1772.5840597758406,0.8655043586550436,0.5803237858032378,3330.423412204234,-2.087422166874221,-5.360975314501833,61.86799501867995,24.628423043276666,5.762968489953631,24.41770386707883,4.743800941267389,24.470294489953638,4.271089768160744,28707.0,3818.0,28454.0,CVL -> COP,0.0006064794359665719
2018-11-26,CVL,COP,1669,590,11.491911324146196,3108.7058118633913,3119.4961054523665,3130.4937088076695,0.8693828639904134,0.7028160575194727,6130.653085680048,0.01168364289994165,-5.0447221958654325,53.24146195326543,39.27795844832411,-77.4140176550278,39.498241083100645,-78.25100357192721,39.38978392527942,-77.8907465188546,290458.0,88370.0,290228.0,CVL -> COP,0.0010118352593972153
2018-12-03,CVL,COP,1016,450,6.2549212598425195,1304.4852362204724,1299.091535433071,1306.3405511811025,0.8730314960629921,0.687007874015748,2719.6328740157483,-0.7155511811023618,-3.9766280363042696,66.2992125984252,29.80170361578949,-31.60123668856768,29.689390873517798,-31.37135871616295,30.006491818181836,-31.85108657424442,77310.0,11646.0,77181.0,CVL -> COP,0.0007068996466893301
2018-12-10,CVL,COP,1882,508,4.704569606801275,1023.2571732199788,994.3889479277365,1076.9213602550478,0.6625929861849097,0.7948990435706695,4267.612646121148,-5.233049946865036,-6.546933620687272,40.22848034006376,33.98702792377496,0.6275356358136561,38.01092620447672,-12.651027660617052,33.94945149667273,0.3822125843919987,244564.0,99713.0,244517.0,CVL -> COP,0.0014329014579505855
2018-12-17,CVL,COP,1426,526,7.620617110799439,1792.3422159887798,1793.1774193548388,1811.0441795231416,0.8281907433380085,0.6016830294530154,3019.3316970546985,-1.3030855539971948,-5.320187057543143,58.87096774193548,35.54736542431972,-20.02962041496596,35.16332802551021,-20.406202926020395,35.324130623299325,-20.391440936224473,197444.0,29597.0,197332.0,CVL -> COP,0.0011112453194830293
2018-12-24,CVL,COP,1311,408,8.05949656750572,1880.468344774981,1850.0350877192982,1860.8573607932876,0.84744469870328,0.6689549961861174,3730.293668954996,-3.622044241037376,-7.169562723191836,57.80320366132723,33.113310940602865,-57.74620772517715,33.65517200352426,-56.22748694008796,33.166907039893644,-57.655220225177146,445302.0,17697.0,443890.0,CVL -> COP,0.0015099616002137673
2018-12-31,CVL,COP,911,444,6.172338090010977,1382.8463227222833,1399.2832052689353,1398.2151481888036,0.8474204171240395,0.7530186608122942,2988.5137211855103,-0.43699231613611383,-5.077951000053001,73.04061470911087,30.078249853146847,-35.167364769230765,30.03023814965034,-34.94587554825174,30.007200755244753,-35.00581487132867,95891.0,10948.0,95631.0,CVL -> COP,0.0009340552866401385
2019-01-07,CVL,COP,1373,477,7.374362709395484,1465.1835396941005,1486.5032774945375,1490.1303714493808,0.797523670793882,0.48434085943190097,3433.073561544064,-1.1463219227967947,-4.499446497938305,58.638018936635106,29.83821092374351,-37.98320645753892,31.22714609185444,-39.48264987175031,31.326139303896124,-39.60356976796524,240330.0,46666.0,240310.0,CVL -> COP,0.0011144760947718651
2019-01-14,CVL,COP,1149,487,6.061792863359443,1466.5543951261966,1498.8006962576153,1484.3698868581375,0.8877284595300261,0.8006962576153177,4243.84682332463,-0.11218450826805913,-5.323173373223538,55.67449956483899,30.02034304042558,-45.15693374893616,30.390774040425583,-45.18947594042554,30.284368063829838,-44.69174870638296,226689.0,69446.0,226323.0,CVL -> COP,0.0008490062046171455
2019-01-21,CVL,COP,1009,477,9.014866204162537,2130.169474727453,2145.033696729435,2138.0723488602575,0.8959365708622399,0.6650148662041625,3720.934588701685,-2.4329038652130817,-5.3364976160917434,58.45391476709614,29.734770966871185,-39.593264824539936,29.674139865030696,-39.06651349570558,29.80904577423315,-39.75660089815957,49250.0,17341.0,48515.0,CVL -> COP,0.0008167586903043701
2019-01-28,CVL,COP,1137,483,6.8311345646438,1369.263852242744,1378.4230430958662,1377.0545294635003,0.8469656992084432,0.7810026385224275,3175.052770448549,-0.7141600703605987,-5.297604819066606,68.58399296394019,31.676267097791786,-38.04621967718199,31.99499101472133,-37.17660329442699,32.18002382631577,-37.14560390746589,336028.0,34969.0,334043.0,CVL -> COP,0.0009211228787641885
2019-02-04,CVL,COP,1961,515,6.8424273329933705,1470.4207037225906,1519.33554309026,1497.2376338602753,0.6965833758286588,0.8215196328403875,3176.5553289138193,0.9551249362570104,-4.443438902893358,58.740438551759304,34.194953531516184,-30.748618342419054,39.42143897728562,-7.846869921067584,39.45318594434978,-7.6404282402044466,835198.0,152840.0,835048.0,CVL -> COP,0.0015323640603193507
2019-02-11,CVL,COP,1108,435,7.486462093862816,1557.8005415162454,1561.326714801444,1567.1741877256318,0.7752707581227437,0.7274368231046932,3147.148014440433,-1.8950361010830328,-5.087396144736428,58.61913357400722,31.441748539978068,-35.71186228368018,31.460974325301176,-35.866645419496166,31.700450703176312,-35.52617196604601,116318.0,19346.0,115767.0,CVL -> COP,0.0007788632813763105
2019-02-18,CVL,COP,1167,457,6.539845758354756,1454.285347043702,1432.0856898029135,1470.1439588688945,0.7506426735218509,0.8157669237360754,3890.7095115681236,-0.7167952013710368,-4.086253934625884,55.11568123393316,22.076322124087582,-18.452095044838345,28.47852807090717,-35.16663105422311,22.081667379562038,-18.32653883628777,278440.0,71263.0,278315.0,CVL -> COP,0.0009117308589254701
2019-02-25,CVL,COP,1884,506,7.428874734607219,1595.0759023354565,1595.3662420382166,1587.7738853503186,0.7223991507430998,0.7919320594479831,3045.9989384288747,0.24060509554140078,-5.324050997559183,59.660297239915074,33.456984101858765,-25.857180572490737,33.24247170780672,-26.524551497397805,33.16038788921936,-26.318895159851333,1108435.0,171271.0,975590.0,CVL -> COP,0.0013109050741906866
2019-03-04,CVL,COP,776,457,6.853092783505154,1537.0077319587629,1573.3801546391753,1547.3711340206185,0.8891752577319587,0.6469072164948454,3067.230670103093,-1.7064432989690723,-5.766934850919207,61.77835051546392,26.19475953299493,-15.693548142131984,26.118042171186442,-15.515157410169497,26.151308343485617,-15.590890849407785,32274.0,5679.0,31587.0,CVL -> COP,0.0005890747882063583
2019-03-11,CVL,COP,1543,501,8.788723266364226,2283.394037589112,2273.153596889177,2298.4893065456904,0.847699287103046,0.7323395981853532,4374.651976668827,-2.5309138042773816,-5.31727222502479,64.09591704471808,22.886395084942084,-42.90563532432432,22.867305938223936,-42.6122741119691,22.892785173745175,-42.90765870656369,706189.0,78668.0,705574.0,CVL -> COP,0.0011360072327511695
2019-03-18,CVL,COP,907,520,6.590959206174201,1429.7464167585447,1426.3605292171997,1440.5512679162073,0.8743109151047409,0.6780595369349504,3138.0352811466373,-0.9362734288864387,-4.982568485434556,66.91289966923925,26.539308402777777,-5.596439643518523,26.51581284722223,-5.27220454012346,26.45687641975309,-5.465348995370372,26027.0,3133.0,25674.0,CVL -> COP,0.0006721505854453831
2019-03-25,CVL,COP,1212,471,8.424917491749175,1927.8605610561056,1941.645214521452,1921.8077557755776,0.8638613861386139,0.7095709570957096,3930.1369636963695,-0.5373762376237625,-5.5456524754152685,67.54950495049505,32.95913663125637,-46.027188830612246,32.99918882924333,-46.18940976530612,33.009738986707546,-46.691812027551016,169104.0,20460.0,168706.0,CVL -> COP,0.0008086015995900951
2019-04-01,CVL,COP,1331,484,6.596543951915852,1604.8144252441773,1626.2554470323066,1620.0255447032307,0.7851239669421488,0.7340345604808415,3253.65815176559,-0.3290007513148008,-5.313380052647083,59.81968444778362,33.250247364102556,-46.229303389124894,32.79525768627454,-44.61970305862366,32.848892784313755,-45.00220814698389,405548.0,14837.0,404718.0,CVL -> COP,0.0010458607174400221
2019-04-08,CVL,COP,846,467,7.016548463356974,1670.3463356973996,1690.1737588652481,1677.3156028368794,0.7919621749408984,0.6619385342789598,3561.8605200945626,-1.3497635933806151,-4.9435897994824405,60.484633569739955,27.808431431888547,-36.844782436532505,27.91865272445821,-36.75261694117646,27.953593103715168,-36.53090232817337,25595.0,4746.0,25351.0,CVL -> COP,0.0006161276884578746
2019-04-15,CVL,COP,978,472,7.051124744376278,1698.2617586912065,1708.558282208589,1697.0940695296524,0.8732106339468303,0.6646216768916156,3799.2361963190183,-1.973108384458078,-4.6346857142045215,61.666666666666664,36.74478662351387,-31.012401871862604,37.15575521503957,-29.874200977572553,37.13911903170409,-29.711168274768816,78914.0,11166.0,78099.0,CVL -> COP,0.0007805466699867834
2019-04-22,CVL,COP,1138,477,8.276801405975396,1870.3717047451669,1821.3321616871706,1881.4411247803164,0.9086115992970123,0.6537785588752196,3501.749560632689,-1.5009666080843593,-6.034032730634805,71.15114235500879,30.059852198221098,-19.908843049492383,30.0571406505718,-19.36708922461928,29.974168007623888,-19.747326365482227,301921.0,25543.0,300034.0,CVL -> COP,0.0009128398383198614
2019-04-29,CVL,COP,1114,494,6.185816876122082,1449.3563734290844,1444.1104129263913,1463.8859964093358,0.8509874326750448,0.7980251346499102,3040.714542190305,-1.8331238779174148,-5.3444936962941405,57.567324955116696,30.576473599769326,-45.445152485023016,30.62693665207373,-44.97508348732715,30.501621118663603,-45.0863347960829,60543.0,14188.0,57818.0,CVL -> COP,0.0008639503158769872
2019-05-06,CVL,COP,910,423,5.685714285714286,1173.0043956043955,1185.7307692307693,1188.7307692307693,0.8153846153846154,0.7681318681318682,3708.935164835165,-1.2143956043956043,-5.446861635719932,67.01098901098901,28.471488890647475,-4.515555050359711,28.45754567769784,-4.669049985611509,28.453661523741008,-4.5477829064748185,40324.0,7565.0,40027.0,CVL -> COP,0.0006383895186262418
2019-05-13,CVL,COP,1033,595,6.45595353339787,1505.6631171345596,1533.110358180058,1531.5759922555662,0.8209099709583737,0.648596321393998,3393.124878993224,-0.9639883833494675,-5.192424919727007,63.010648596321396,25.55829925334956,-19.651217448233847,25.562265624847743,-19.64341421924481,25.986691152253346,-19.896412510353215,35357.0,3928.0,34547.0,CVL -> COP,0.0007778637887463516
2019-05-20,CVL,COP,1065,462,6.664788732394366,1651.0845070422536,1683.7352112676056,1679.8854460093896,0.7446009389671362,0.7267605633802817,3511.476995305164,-0.47924882629108007,-4.053095590788115,56.44131455399061,34.841054372455126,-68.90693631616755,34.855972664670695,-71.31134376047896,34.833518252694645,-70.94533290658671,68599.0,21962.0,68557.0,CVL -> COP,0.0008166482761053315
2019-05-27,CVL,COP,988,456,6.978744939271255,1685.5556680161944,1635.4372469635628,1711.1923076923076,0.8562753036437247,0.7226720647773279,3586.407894736842,-2.3190283400809717,-5.067839350222855,61.39676113360324,34.00884349526387,-26.35336944519621,33.915466769959394,-26.316053288227334,33.96591386062246,-26.431290960757774,54779.0,11208.0,54682.0,CVL -> COP,0.0007821833206532022
2019-06-03,CVL,COP,1761,517,7.862578080636002,1730.2952867688814,1764.4383872799547,1761.450312322544,0.8160136286201022,0.7035775127768313,3847.427597955707,-2.402725724020443,-5.14577658649481,55.00283929585463,32.19194766371679,-39.657416593601106,28.521754674608573,-27.68861641320627,28.43583838257317,-27.51073270524167,198704.0,47757.0,191593.0,CVL -> COP,0.001282652650961152
2019-06-10,CVL,COP,1657,517,8.685576342788172,1924.5582377791188,1952.7815328907664,1945.526252263126,0.8955944477972239,0.5606517803258901,3624.333735666868,-1.7762824381412194,-5.563623183794968,63.63910681955341,31.897280903316872,-35.09081693860271,31.952739335215245,-28.984073152434746,31.88584121736062,-28.847612931545555,350023.0,46688.0,349873.0,CVL -> COP,0.0013583693010177523
2019-06-17,CVL,COP,1663,598,6.7197835237522545,1428.3144918821406,1421.9669272399278,1419.2465423932651,0.8953698135898978,0.7294046903187011,2795.098616957306,0.5573060733613949,-4.3698528909383825,70.86590499098016,30.388873877049182,-30.036093969972715,30.64597135519125,-29.375588116469523,30.588099833333324,-29.288494361237507,1179813.0,20259.0,1179600.0,CVL -> COP,0.001244898386947057
2019-06-24,CVL,COP,1332,601,7.577327327327327,1650.4376876876877,1656.8475975975975,1656.9977477477478,0.8123123123123123,0.7177177177177178,3670.707957957958,-1.2555555555555553,-4.612585882761187,65.23273273273273,29.883389764593275,-50.68906729282296,29.762286288038247,-51.324094495693785,29.732247228708108,-52.340495168421064,187655.0,23160.0,187130.0,CVL -> COP,0.0008855258408008025
2019-07-01,CVL,COP,1105,472,8.930316742081448,1952.689592760181,1972.7945701357467,1983.4443438914027,0.8723981900452489,0.551131221719457,3850.42443438914,-0.5647058823529406,-5.2874240941134305,58.76923076923077,30.17083708506223,-31.956447382780087,30.11814362551867,-35.523449872406644,30.08041019190871,-32.204540951244816,119556.0,23364.0,119022.0,CVL -> COP,0.0010228526573804605
2019-07-08,CVL,COP,1926,561,7.945482866043614,1606.0342679127725,1626.3603322949118,1626.6635514018692,0.773104880581516,0.773104880581516,3361.986500519211,0.10124610591900277,-5.417426490022664,68.56178608515057,31.589631537026538,-52.4578801650649,31.51955964330127,-52.475289938948464,31.447064482193298,-52.6837314200112,1808816.0,101077.0,1808360.0,CVL -> COP,0.0015927267134009842
2019-07-15,CVL,COP,1592,539,7.223618090452261,1627.8479899497488,1631.4962311557788,1636.4585427135678,0.8385678391959799,0.7864321608040201,3694.4057788944724,-0.8258793969849231,-2.9763067156875422,51.243718592964825,34.08215623076921,-64.57369771296287,34.009433260683736,-63.96731035042722,34.071525226495694,-64.29013584900272,299992.0,64619.0,299831.0,CVL -> COP,0.0013489547718851388
2019-07-22,CVL,COP,1322,489,6.170196671709531,1365.5249621785174,1376.9878971255673,1374.588502269289,0.7738275340393344,0.7677760968229954,3470.7435703479578,-1.9183055975794248,-4.6086794751360864,54.79576399394856,36.62614988302555,-61.40220062972733,36.5717823948989,-60.83869219525064,36.58636477572564,-60.84250385751978,142040.0,36982.0,141364.0,CVL -> COP,0.0010791255328284355
2019-07-29,CVL,COP,1793,517,8.440602342442833,1897.6564417177915,1925.0713887339655,1918.8499721137757,0.8287785833798104,0.6871165644171779,3603.9035136642497,-1.096988287785835,-5.860108264175714,62.643614054657,36.50137816522319,-10.431303559626906,36.49821094337109,-9.348899804130554,36.481503215189875,-9.697453794803444,340393.0,37823.0,340348.0,CVL -> COP,0.001412389324762895
2019-08-05,CVL,COP,2001,653,8.713143428285857,2006.231884057971,1992.3058470764618,2024.047976011994,0.9015492253873063,0.6511744127936032,4283.176911544228,-0.5813593203398301,-5.139707874787429,72.41879060469765,30.13858646055164,-27.774050862091066,30.75120111738295,-26.918267276459236,30.43240910327134,-27.074195368826146,572489.0,53097.0,571760.0,CVL -> COP,0.001535017735937059
2019-08-12,CVL,COP,1402,541,11.93509272467903,2594.156918687589,2605.1312410841656,2608.0706134094153,0.8651925820256776,0.5164051355206848,5130.232524964336,-1.2062054208273891,-5.484453748565428,68.69472182596292,30.714505313122178,-23.53297818733031,29.879294340271493,-22.112505106787324,30.518911263348425,-22.457727089592755,203862.0,23982.0,203710.0,CVL -> COP,0.0012438384748872384
2019-08-19,CVL,COP,1085,511,6.68294930875576,1465.9041474654377,1463.042396313364,1475.8718894009216,0.8414746543778802,0.6580645161290323,3214.7741935483873,-2.2364976958525347,-4.176228276080731,63.474654377880185,29.680324130938594,-12.00376464426419,29.68094807068367,-10.958924962920042,29.642643180764786,-11.812210754345305,56924.0,12132.0,56385.0,CVL -> COP,0.0008781528520138433
2019-08-26,CVL,COP,1036,482,8.384169884169884,1804.8706563706564,1810.1901544401544,1810.1409266409266,0.8841698841698842,0.7046332046332047,3498.1138996139,-2.094980694980695,-5.553145944472507,64.97104247104247,32.122546975059365,-1.5639543539191776,32.0205524168646,-1.3716935855106194,32.166551880047486,-1.8533978622327145,186539.0,20843.0,186256.0,CVL -> COP,0.0009013602186929581
2019-09-02,CVL,COP,882,449,7.945578231292517,1773.5408163265306,1791.0736961451248,1789.0034013605443,0.7913832199546486,0.5476190476190477,4056.045351473923,-1.923129251700681,-5.082374035358144,57.77777777777778,26.74142165652174,-10.990566362318836,24.185561296081282,-5.345490734782606,26.018800192753627,-11.153084508695645,27716.0,6222.0,27591.0,CVL -> COP,0.0007806954031026003
2019-09-09,CVL,COP,824,451,5.390776699029126,1232.7342233009708,1254.873786407767,1252.7730582524273,0.8737864077669902,0.7439320388349514,2746.9247572815534,-0.9205097087378642,-3.990619277477037,66.84466019417475,29.509512665492963,-31.55005328873239,29.6734308221831,-31.857923904929567,29.715055869718302,-30.175905383802807,36489.0,5004.0,36147.0,CVL -> COP,0.0007071632027970707
2019-09-16,CVL,COP,1444,462,8.151662049861496,2233.0803324099725,2283.220221606648,2242.9757617728533,0.9411357340720221,0.502770083102493,3559.7257617728533,-0.5282548476454277,-3.4315726884517286,59.51523545706371,33.275099598710554,-52.18267177921017,33.39205222078952,-52.24163650765496,33.336204920225455,-52.24151965028188,539354.0,17776.0,539294.0,CVL -> COP,0.0011044458534712413
2019-09-23,CVL,COP,1004,473,9.068725099601593,2285.371513944223,2312.6235059760957,2307.616533864542,0.8954183266932271,0.5597609561752988,3946.4551792828684,-0.5990039840637449,-3.315400001290847,63.764940239043824,28.96552356459328,-38.344439456937806,28.93775523923443,-38.471601275119625,28.94532677033491,-38.90839042942584,112272.0,23937.0,112156.0,CVL -> COP,0.0007075096084596727
2019-09-30,CVL,COP,1073,494,7.0838769804287045,1554.9664492078284,1544.0726933830383,1552.4361602982292,0.9058713886300093,0.7493010251630942,3626.3429636533083,-3.2180801491146322,-5.988346590795034,68.70456663560113,31.951998415676968,-27.37247594655579,32.30151896199526,-28.21684573871731,32.22734733491687,-28.17087790617574,235688.0,35150.0,234517.0,CVL -> COP,0.0008669095844812681
2019-10-07,CVL,COP,871,443,9.149253731343284,2260.0229621125145,2256.3972445464983,2256.862227324914,0.8920780711825488,0.5120551090700345,4204.2445464982775,-0.29506314580941406,-5.164099886990376,59.03559127439724,33.31971027746479,-45.54218939014085,33.326864559154934,-45.325696966197185,33.38130430563381,-45.434389473239435,45286.0,12081.0,45236.0,CVL -> COP,0.000660881863762732
2019-10-14,CVL,COP,1869,469,7.799357945425361,1740.4906367041199,1740.513643659711,1744.0861423220974,0.7677902621722846,0.6046013911182451,3973.2894596040665,-2.6058319957196363,-5.275780502487474,57.608346709470304,33.53825911651815,-39.75264241740912,33.9096338046607,-40.01176169088409,33.90349724057571,-40.141139970527696,423671.0,77019.0,423579.0,CVL -> COP,0.001357013669607468
2019-10-21,CVL,COP,1109,446,7.6077547339945895,1604.9675383228134,1630.6366095581604,1622.970243462579,0.9062218214607755,0.7078449053201082,3572.507664562669,-2.360865644724978,-4.655442507230919,65.0766456266907,32.82911588421051,-30.841102030263148,32.633906268421065,-29.784768728947398,32.61604527105264,-29.708369443421088,165543.0,25398.0,165379.0,CVL -> COP,0.0009094248892125316
2019-10-28,CVL,COP,1278,462,5.974960876369327,1643.3591549295775,1695.4945226917057,1678.6158059467919,0.8278560250391236,0.6924882629107981,4186.140845070423,-2.165962441314554,-3.3248551875274788,53.834115805946794,28.746914813499135,-14.484305412966242,28.678160509786483,-14.587795881672589,28.656547477797528,-14.300983553285961,107609.0,31099.0,107204.0,CVL -> COP,0.001172201758119194
2019-11-04,CVL,COP,1020,459,6.207843137254902,1435.6088235294117,1468.2764705882353,1460.0686274509803,0.8774509803921569,0.6931372549019608,3235.6960784313724,-1.8798039215686277,-5.582266994148685,68.40196078431373,22.662731945666238,4.931203818064519,23.760069175937907,9.322934945806455,23.955253249676584,11.582523205161293,83244.0,10447.0,83066.0,CVL -> COP,0.0009211745517402071
2019-11-11,CVL,COP,781,454,8.153649167733676,1911.6824583866837,1923.394366197183,1927.5044814340588,0.8809218950064021,0.6645326504481434,3723.6120358514727,-1.3815620998719584,-4.974130999690429,70.16645326504481,22.64245644673539,14.292921048109966,22.369125243986254,14.74397594501718,22.46624065635738,14.898138505154638,36876.0,3602.0,36739.0,CVL -> COP,0.0006658476428055631
2019-11-18,CVL,COP,800,421,7.375,1723.7675,1745.2625,1754.56625,0.915,0.655,3269.61125,-1.770375,-4.419675052782132,63.6875,26.464657369791663,-31.127685763888888,26.33639939236111,-30.503225156249997,26.371040668402774,-30.905068107638883,32165.0,6002.0,31646.0,CVL -> COP,0.0006252359288700345
2019-11-25,CVL,COP,1031,376,5.840931134820562,1461.3821532492725,1411.0019398642096,1446.192046556741,0.9243452958292919,0.8292919495635306,3392.7303588748787,-0.8802133850630454,-5.904178605577797,78.19592628516004,38.26724331707318,-5.382287680709541,38.271049053215094,-5.455276652993353,38.21969895343681,-5.315592396895789,825110.0,82446.0,825059.0,CVL -> COP,0.0011095816844762958
2019-12-02,CVL,COP,948,467,6.4525316455696204,1357.8618143459917,1386.5928270042193,1385.3934599156119,0.9008438818565401,0.669831223628692,2906.799578059072,-1.4377637130801688,-5.634406739065011,66.42405063291139,28.44749875033557,-25.52237033691276,28.83024850872483,-25.713532515436253,28.92786539463087,-25.919852433557057,70449.0,10658.0,70320.0,CVL -> COP,0.0007956824991816557
2019-12-09,CVL,COP,884,435,6.407239819004525,1416.8597285067874,1437.287330316742,1436.7307692307693,0.8201357466063348,0.6968325791855203,3241.135746606335,-1.4326923076923082,-4.977505031517986,66.7420814479638,30.70405927393227,-6.824193577319583,29.94922097058825,-8.901288397058817,29.517108275,-8.788434033823528,63269.0,7111.0,63216.0,CVL -> COP,0.0008146189076365915
2019-12-16,CVL,COP,850,395,6.583529411764706,1427.5870588235293,1440.5141176470588,1444.2188235294118,0.8823529411764706,0.6811764705882353,2830.48,-1.8030588235294125,-4.77772573165266,65.84705882352941,35.42598011654675,-10.346025041726602,35.18716544028776,-10.550419684892073,35.21288745467624,-10.845521752517971,137594.0,19787.0,137564.0,CVL -> COP,0.00077847382496245
2019-12-23,CVL,COP,557,320,7.447037701974866,1709.475763016158,1665.6032315978457,1725.7953321364453,0.8384201077199281,0.6373429084380611,3534.942549371634,-0.7039497307001795,-5.10976068406286,65.5475763016158,30.400089569343066,5.811685773722625,30.415164094890507,5.810393316301701,30.4128328783455,5.656345919708027,14478.0,2497.0,14158.0,CVL -> COP,0.0007882640642159249
2019-12-30,CVL,COP,675,317,5.998518518518519,1379.56,1397.6918518518519,1414.0548148148148,0.7896296296296297,0.7911111111111111,3296.5822222222223,-1.5548148148148144,-4.707574407496302,55.925925925925924,28.27833424573378,-16.630381197952165,30.048322530716717,-15.321265686006795,30.061170687713307,-15.079502631399288,68993.0,13566.0,68958.0,CVL -> COP,0.0006789788158609451
2020-01-06,CVL,COP,897,408,7.890746934225195,1888.144927536232,1899.149386845039,1904.3076923076924,0.9108138238573021,0.7279821627647715,4399.328874024526,-2.2878483835005583,-6.003747908028258,63.355629877369005,35.675122142419596,-18.77439156967841,35.83377547473199,-19.371457257274123,35.40728503522205,-17.559097476263403,121372.0,20890.0,121178.0,CVL -> COP,0.0005857878847049282
2020-01-13,CVL,COP,591,372,6.517766497461929,1660.808798646362,1680.4382402707276,1680.7884940778342,0.8341793570219966,0.7461928934010152,3294.6768189509307,-0.2472081218274112,-4.333655333187192,66.88663282571912,26.92705740931373,-16.870784700980394,26.701741085784317,-18.393490821078434,26.660674154411772,-16.566855036764707,26178.0,3030.0,26104.0,CVL -> COP,0.0004915864684794091
2020-01-20,CVL,COP,940,471,7.401063829787234,1730.5968085106383,1758.5074468085106,1758.8234042553192,0.924468085106383,0.6393617021276595,3459.7117021276595,-0.7164893617021273,-4.598175288458682,67.1063829787234,32.236257606993014,-4.381269106293703,32.24822435944057,-4.81350744195804,32.17429275384616,-4.32067162377622,77087.0,12234.0,76492.0,CVL -> COP,0.0007616954692894921
2020-01-27,CVL,COP,1039,419,7.791145332050048,1930.5062560153995,1908.8161693936477,1922.0019249278153,0.9355149181905679,0.6573628488931665,3797.3022136669874,-1.1897978825794024,-4.6370628693445015,80.54860442733397,32.04559451724133,-52.17371320389803,31.940912391891843,-52.18788719819818,32.01382682132127,-52.25873234834834,367928.0,36742.0,367779.0,CVL -> COP,0.0007241371860126526
2020-02-03,CVL,COP,978,425,6.531697341513293,1538.1881390593046,1547.2055214723925,1547.898773006135,0.9141104294478528,0.7361963190184049,2935.8865030674847,-1.4877300613496933,-5.427568172934605,73.06748466257669,36.35473315476191,-14.041723216931219,36.330635645502646,-14.230061205026455,36.34321341931218,-14.169172544973547,155566.0,17519.0,155496.0,CVL -> COP,0.0007677922909885679
2020-02-10,CVL,COP,899,470,6.39377085650723,1519.952169076752,1545.4616240266964,1530.7096774193549,0.8008898776418243,0.681868743047831,3359.9543937708563,-0.3382647385984429,-4.3434247371554475,62.969966629588434,29.628507866666666,-34.237418911111114,29.703157177777783,-34.417865841666675,29.632299358333334,-34.48895746666666,28622.0,5631.0,28435.0,CVL -> COP,0.0007834211014778686
2020-02-17,CVL,COP,726,400,7.779614325068871,2039.388429752066,2065.776859504132,2062.710743801653,0.8774104683195593,0.6212121212121212,3925.4462809917354,-1.2972451790633606,-5.005489185811331,69.43526170798899,34.655963845614046,-43.30081208245613,34.95015293333334,-43.994611103508774,34.912355792982474,-44.0395676754386,57428.0,6184.0,57252.0,CVL -> COP,0.0006630839431391818
2020-02-24,CVL,COP,960,517,7.783333333333333,1970.7770833333334,1972.5333333333333,1975.80625,0.790625,0.6635416666666667,3666.3572916666667,-1.7661458333333329,-4.9685220395607015,65.69791666666667,27.784821344504024,9.352351715817692,27.50117474396783,7.748480104557641,27.804649324396788,8.797262096514746,44281.0,4845.0,43575.0,CVL -> COP,0.0008367806954693556
2020-03-02,CVL,COP,804,410,7.460199004975125,1618.3208955223881,1625.7860696517414,1622.5547263681592,0.818407960199005,0.6529850746268657,3501.6256218905473,-2.245771144278608,-5.5403835672408865,70.01243781094527,25.541872358187153,16.09725662280701,26.0230060146199,16.3483155614035,25.273484891812867,16.611433396198823,112001.0,11726.0,111905.0,CVL -> COP,0.0006644441395861604
2020-03-09,CVL,COP,632,320,6.636075949367089,1748.9240506329113,1802.732594936709,1794.246835443038,0.7056962025316456,0.7515822784810127,4673.863924050633,-1.3840189873417705,-4.425167613750836,57.18354430379747,25.655928799235188,-39.03500597131928,28.435305912045905,-43.95013185277241,26.56819794072658,-41.5164342600382,40211.0,10572.0,40181.0,CVL -> COP,0.0005889155288265765
2020-03-16,CVL,COP,909,331,7.928492849284929,2140.3520352035202,2159.5599559955995,2170.028602860286,0.9284928492849285,0.8008800880088008,3687.672167216722,-1.3567656765676561,-5.05595962166064,53.35533553355336,33.68916935475896,-42.05464352657599,33.65225720766377,-42.08204109517921,33.696817957972804,-41.96054674042024,96645.0,27673.0,96087.0,CVL -> COP,0.0008854048462522244
2020-03-23,CVL,COP,755,341,9.190728476821192,2244.615894039735,2266.415894039735,2255.0079470198675,0.8529801324503311,0.5046357615894039,3781.312582781457,0.5745695364238416,-4.326424353787367,70.01324503311258,24.13596548513302,-23.153701780907664,24.19202834428795,-22.087011378716745,24.183395740219094,-22.54516427386541,70340.0,7830.0,64123.0,CVL -> COP,0.0007677492439449498
2020-03-30,CVL,COP,1165,453,8.3931330472103,1859.8961373390557,1864.1175965665236,1865.4884120171673,0.8583690987124464,0.49356223175965663,3185.738197424893,-1.2660944206008575,-5.475168482809351,71.51931330472102,24.612786414187653,12.733872351258604,25.73368627116706,11.427824181922222,25.638687796338687,11.03328127574373,292836.0,31297.0,292542.0,CVL -> COP,0.0012566161107893166
2020-04-06,CVL,COP,593,349,6.801011804384486,1619.1905564924114,1619.3254637436762,1617.3946037099495,0.8768971332209107,0.6593591905564924,3035.4974704890387,-0.04165261382799375,-3.6696547778782023,64.65430016863407,31.452141749460054,-5.82167339956803,31.007708796976257,-7.466598542116637,31.140335995680356,-7.579304358531314,42673.0,5044.0,42533.0,CVL -> COP,0.0006933320861929872
2020-04-13,CVL,COP,738,421,6.266937669376694,1574.4363143631435,1603.2818428184282,1591.380758807588,0.7831978319783198,0.6680216802168022,3270.0975609756097,0.009756097560975613,-4.632981611891526,62.22222222222222,20.51802253960396,6.605595333333341,20.54913199834984,6.999028976897695,20.525537110561057,6.891226686468651,20071.0,2604.0,20053.0,CVL -> COP,0.0008747309431922702
2020-04-20,CVL,COP,966,430,8.935817805383023,2269.3343685300206,2286.371635610766,2286.273291925466,0.8819875776397516,0.7308488612836439,4596.873706004141,-1.0286749482401651,-5.608871866865965,70.19668737060042,28.75516448533007,-14.345942687727806,28.56467274177832,-14.646002065613589,28.82746901461632,-14.52969148967191,154813.0,18207.0,154751.0,CVL -> COP,0.0011194133625045193
2020-04-27,CVL,COP,1052,395,6.6283269961977185,1717.671102661597,1715.4249049429657,1722.6406844106464,0.7091254752851711,0.6653992395437263,3807.5123574144486,-0.306749049429658,-4.65969296243393,59.22053231939164,28.825362555671184,-23.812441112382928,29.047972555671183,-24.232103109261182,29.089697696149848,-24.0344564453694,185132.0,33865.0,185102.0,CVL -> COP,0.0012451944018332293
2020-05-04,CVL,COP,969,458,6.757481940144479,1784.1805985552116,1799.3219814241486,1809.2043343653252,0.7667698658410733,0.695562435500516,3414.188854489164,-1.153869969040248,-4.8791376423307815,60.46439628482972,21.290636553103454,34.454217115862065,21.665857968275862,33.69081279448276,21.206928511724136,34.46240609931034,52844.0,7733.0,52465.0,CVL -> COP,0.0010947804168752098
2020-05-11,CVL,COP,598,361,6.085284280936455,1354.7692307692307,1372.453177257525,1375.5635451505016,0.7658862876254181,0.7809364548494984,3190.8896321070233,-1.6931438127090297,-5.150818867615252,60.31772575250836,26.764255025862074,8.271083497844828,26.967010797413796,3.0715272327586254,26.557735931034486,8.165256342672413,10292.0,1631.0,10199.0,CVL -> COP,0.0006826211281512725
2020-05-18,CVL,COP,569,379,6.014059753954306,1483.8277680140598,1420.1599297012303,1497.451669595782,0.8471001757469244,0.7152899824253075,3321.195079086116,-0.924780316344464,-4.56813340229781,72.2671353251318,26.183810643020593,-11.035137080091534,26.241310128146452,-10.342323578947372,26.00494535697941,-10.939750421052633,24193.0,2594.0,23980.0,CVL -> COP,0.0006465027496250511
2020-05-25,CVL,COP,885,447,6.8621468926553675,1624.2994350282486,1655.8305084745762,1650.980790960452,0.9141242937853107,0.7344632768361582,4194.964971751412,0.026327683615819213,-4.947719452841636,72.97175141242938,32.606217380597016,-42.4517935,32.72519155970149,-42.5016530522388,32.80212782835821,-42.24198723134329,107313.0,12546.0,107193.0,CVL -> COP,0.0009456178891671725
2020-06-01,CVL,COP,3879,1110,11.127610208816705,2788.784222737819,2798.5754060324825,2801.4320701211655,0.7607630832688838,0.44753802526424336,4920.989688063934,-0.4697086878061357,-4.996631974148094,52.547048208301106,39.299502502472386,-74.47914557005483,39.68741494010975,-73.65834062664821,39.509498216208655,-73.76403466703282,1150453.0,261215.0,1150080.0,CVL -> COP,0.0030609370302361236
2020-06-08,CVL,COP,1927,896,10.344058121432278,2768.9911779968866,2773.2755578619617,2777.0492994291644,0.8401660612350804,0.48002075765438507,6684.386611312922,-0.45012973533990686,-3.973393712572058,64.19823559937727,31.05994394528877,-49.66442453495441,31.024271741641357,-49.55898233434649,31.083797234042574,-49.71263237082065,294923.0,49514.0,293475.0,CVL -> COP,0.001785021198863589
2020-06-15,CVL,COP,1617,775,9.37291280148423,2478.682745825603,2519.21768707483,2511.951762523191,0.8058132343846629,0.4867037724180581,7762.214594928881,-1.7397031539888683,-4.065853940504442,59.12183055040198,35.124919122743684,-49.911464632491,34.84979288880867,-53.615864436823074,34.711527807220214,-53.4710787407942,130167.0,30104.0,129812.0,CVL -> COP,0.0015209990998168593
2020-06-22,CVL,COP,900,590,7.4511111111111115,1908.6655555555556,1924.391111111111,1935.4766666666667,0.8922222222222222,0.58,4140.756666666667,-0.015666666666666627,-3.060811983791991,65.78888888888889,32.47917750795948,-41.30750525615051,32.481065286541245,-40.787796146164986,32.48384233429811,-40.842787125904486,27493.0,3846.0,26845.0,CVL -> COP,0.0009626595073322565
2020-06-29,CVL,COP,1158,529,7.161485319516408,1809.4145077720207,1818.912780656304,1808.6908462867011,0.8842832469775475,0.7029360967184801,4372.430051813471,-1.4058721934369598,-3.8953067578732616,68.97236614853195,29.880901986570244,-37.13607342355373,30.205631604338834,-38.01636613016529,30.14408762706611,-37.91252466322316,111055.0,13926.0,110829.0,CVL -> COP,0.0012352223986994964
2020-07-06,CVL,COP,1550,708,10.256774193548386,2535.3309677419356,2546.7296774193546,2548.4432258064517,0.8032258064516129,0.6070967741935483,5267.151612903226,0.2837419354838711,-4.188739897599305,67.2258064516129,19.381821695842444,1.0627114361779912,19.239067551094884,1.3142230503649799,18.474283952554735,1.995124024087614,192447.0,20866.0,190292.0,CVL -> COP,0.0016384154514204534
2020-07-13,CVL,COP,1661,645,8.841059602649006,2061.637567730283,2092.621914509332,2090.3407585791692,0.868151715833835,0.588199879590608,4027.8844069837446,-2.5959662853702588,-4.69476237017424,61.89644792293799,36.0277668967509,-46.72918506993513,36.00989460072202,-46.46165349098776,35.95890795812274,-46.72650627397261,392284.0,54246.0,391835.0,CVL -> COP,0.0018163307930946625
2020-07-20,CVL,COP,753,463,9.687915006640106,2480.710491367862,2509.776892430279,2494.131474103586,0.896414342629482,0.545816733067729,4650.996015936255,-1.0973439575033204,-4.141604096521584,66.56042496679947,32.7966687747899,-43.284934578151265,32.67860146386553,-42.2082666789916,32.71275647731091,-42.3319395647059,33812.0,3416.0,33643.0,CVL -> COP,0.0007747328046356389
2020-07-27,CVL,COP,702,459,7.202279202279202,1757.2336182336182,1758.7962962962963,1766.997150997151,0.8575498575498576,0.6452991452991453,3823.0826210826212,-0.5834757834757835,-4.1183181206996,63.888888888888886,30.56936219195613,-36.26419376051188,30.91551465996344,-36.79090953747715,30.876408627056684,-36.39133811700183,11569.0,1998.0,11479.0,CVL -> COP,0.0007819244028358683
2020-08-03,CVL,COP,1215,440,6.675720164609054,1628.8074074074075,1663.472427983539,1660.2592592592594,0.8304526748971194,0.7275720164609053,3703.304526748971,-0.6125102880658441,-4.256511174679704,67.25925925925925,33.46273961135375,-55.62287663864629,33.330373622270784,-55.4768854344978,33.441657465065546,-55.54134426310043,215681.0,31716.0,215476.0,CVL -> COP,0.0013828928753131426
2020-08-10,CVL,COP,980,471,7.481632653061224,1487.5020408163266,1473.6122448979593,1492.9255102040815,0.8581632653061224,0.7255102040816327,3590.4979591836736,-0.44632653061224503,-5.354642346693897,64.06122448979592,35.35668507377051,-57.56336571077284,35.1785844976581,-57.650829949648724,35.34748977634663,-57.93018986299767,210199.0,30675.0,208948.0,CVL -> COP,0.0010434767794473407
2020-08-17,CVL,COP,1565,444,6.961661341853035,1434.9182108626198,1440.9405750798721,1450.3840255591053,0.8300319488817891,0.7405750798722045,2962.054952076677,-3.865303514376996,-4.220058456748066,42.894568690095845,30.830430051318537,-78.87810803492494,30.79121596935132,-78.73634856521716,30.744035550249393,-78.61866137063413,455384.0,124670.0,455306.0,CVL -> COP,0.0016611912811340683
2020-08-24,CVL,COP,917,520,9.830970556161397,2317.982551799346,2276.0796074154855,2335.225736095965,0.8276990185387132,0.6357688113413305,4847.032715376226,-1.136750272628135,-5.1637730801849475,61.52671755725191,26.631865150918628,-30.528347842519693,24.153963948818895,-28.907519895013134,24.342472828083988,-29.301978698162742,24364.0,3562.0,23611.0,CVL -> COP,0.0009431381301386629
2020-08-31,CVL,COP,918,490,6.56318082788671,1571.0326797385621,1582.5915032679738,1584.028322440087,0.8779956427015251,0.6797385620915033,3639.6470588235293,-1.7931372549019606,-4.279532468996829,63.59477124183007,26.654364321428563,-30.561616734890123,27.148040475274723,-30.58280853434066,26.77250579120879,-30.57878776648351,46023.0,6818.0,45802.0,CVL -> COP,0.0009679735715799585
2020-09-07,CVL,COP,1467,471,10.083162917518745,2364.034764826176,2375.0327198364007,2396.021813224267,0.6012269938650306,0.5869120654396728,4524.167007498296,-2.04505794137696,-5.503682555982684,42.80163599182004,37.95263369849245,-68.0018729438861,38.60266298241205,-64.68352149497487,37.967437940536016,-67.93990429480738,183490.0,57016.0,183298.0,CVL -> COP,0.001631355837963107
2020-09-14,CVL,COP,1156,508,6.6288927335640135,1542.3849480968859,1564.8685121107267,1559.3520761245675,0.8321799307958477,0.7179930795847751,3501.7906574394465,-0.11686851211072627,-4.888886172461131,58.48615916955017,34.117373909090915,-61.69000353932582,33.94130522676201,-60.580298432073526,34.093366309499494,-61.646314468845745,127148.0,27984.0,126817.0,CVL -> COP,0.001256210417418292
2020-09-21,CVL,COP,763,373,8.34862385321101,1962.338138925295,1979.5897771952818,1979.5819134993446,0.8296199213630406,0.5674967234600262,4102.768020969856,-0.5532110091743117,-5.271933204446976,57.22149410222805,33.39801891891893,-57.59120511446747,34.22392265500795,-46.95231004292526,33.41739131955485,-57.55166846899847,29141.0,6703.0,28526.0,CVL -> COP,0.0008395631190815201
2020-09-28,CVL,COP,1014,383,12.648915187376726,2686.2790927021697,2718.438856015779,2678.992110453649,0.7248520710059172,0.41913214990138065,5111.644970414201,1.3337278106508834,-5.085788729433677,55.581854043392504,35.27078811229311,-28.40968178841606,35.266317036643,-28.204113667848688,35.264278656028345,-28.248084625295498,194196.0,51076.0,194112.0,CVL -> COP,0.001289093934774898
2020-10-05,CVL,COP,512,328,7.087890625,1689.076171875,1718.57421875,1718.1640625,0.869140625,0.6484375,3328.06640625,-0.9025390624999998,-4.574112462270239,65.8984375,25.03211218229167,-25.320272268229164,24.98495603645834,-25.185527424479165,24.989214265624998,-25.205528257812503,10750.0,1444.0,10549.0,CVL -> COP,0.0007239225289781098
2020-10-12,CVL,COP,483,266,7.180124223602484,1680.209109730849,1704.7805383022774,1696.5859213250517,0.9089026915113871,0.6252587991718427,3232.8571428571427,-2.0631469979296067,-4.950336608463273,59.79296066252588,30.01201745273632,-10.662632975124374,30.16877975124378,-14.261704865671643,30.282353713930352,-12.532288273631845,18046.0,3597.0,18030.0,CVL -> COP,0.0009711627009180805
2020-10-19,CVL,COP,551,321,7.486388384754991,1779.3539019963703,1799.7640653357532,1799.2958257713249,0.8112522686025408,0.6388384754990926,3996.553539019964,-1.2252268602540837,-5.1330706048523504,56.04355716878403,25.143597951612904,-30.50778197782257,25.649268483870966,-30.73919565524193,25.58413872580645,-30.72926669556451,25712.0,4439.0,25624.0,CVL -> COP,0.0011817542294361896
2020-10-26,CVL,COP,290,199,8.451724137931034,2049.562068965517,2036.5137931034483,2098.365517241379,0.8517241379310345,0.6344827586206897,4281.113793103448,-2.02448275862069,-4.701612212457178,60.86206896551724,29.626445883408074,-39.65151251569506,30.172982654708523,-39.65269143946188,30.677423013452916,-38.94683194618834,6700.0,810.0,6700.0,CVL -> COP,0.0007759550267169343
2020-11-02,CVL,COP,286,197,7.416083916083916,1875.1923076923076,1918.0349650349651,1917.8951048951049,0.8601398601398601,0.6748251748251748,4754.979020979021,-0.802797202797203,-3.6520976815172737,55.87412587412587,31.662860850202424,-40.78271125506073,31.869360607287444,-41.10828044534413,31.884798259109306,-41.45608396761134,3630.0,753.0,3582.0,CVL -> COP,0.000826489270088602
2020-11-09,CVL,COP,153,125,9.052287581699346,2272.124183006536,2560.8823529411766,2544.7712418300653,0.8366013071895425,0.5620915032679739,5926.183006535948,-0.42352941176470577,-4.138044634008508,61.43790849673203,31.951107636363634,-49.12151038842976,31.689297719008263,-46.203160636363634,31.69883738842975,-46.363187082644636,1692.0,353.0,1692.0,CVL -> COP,0.0005955763855909442
2020-11-16,CVL,COP,404,267,6.698019801980198,1596.1683168316831,1608.670792079208,1604.0866336633662,0.8712871287128713,0.6782178217821783,3383.9356435643563,-1.7316831683168314,-3.9051741996205784,70.84158415841584,27.87559551698113,-4.289806886792453,27.763598145038166,-4.470844332061071,27.754154392452833,-4.331783075471699,10439.0,1060.0,10223.0,CVL -> COP,0.0006093201856918348
2020-11-23,CVL,COP,587,339,8.218057921635435,1825.7529812606474,1807.8909710391822,1832.6064735945486,0.8432708688245315,0.6252129471890971,3857.269165247019,-1.3543441226575814,-4.085900858479521,56.26916524701874,25.06406243457944,-11.732502095794395,24.77658487383178,-10.349951114485984,25.10849631308411,-12.189578310747665,21497.0,4078.0,21295.0,CVL -> COP,0.0008139799319973154
2020-11-30,CVL,COP,627,331,7.242424242424242,1775.5358851674641,1789.9362041467305,1783.7416267942583,0.886762360446571,0.6889952153110048,3939.6618819776713,-1.4322169059011163,-4.6353939800930055,72.58373205741627,32.070877620352256,-28.36807805870842,32.47611640900195,-28.930004497064584,32.1521410332681,-28.17203252054795,104981.0,10618.0,104842.0,CVL -> COP,0.0008174163126050288
2020-12-07,CVL,COP,847,364,7.892561983471074,1750.9315230224322,1780.4427390791027,1771.2703659976387,0.8134592680047226,0.706021251475797,3528.473435655254,-1.3327036599763873,-4.122410392474572,54.6517119244392,34.63538341731067,-57.412488148377115,35.297246962905724,-57.52636321329209,34.61798866615147,-57.67651071406489,64257.0,12418.0,64079.0,CVL -> COP,0.001035738480313632
2020-12-14,CVL,COP,627,321,9.665071770334928,2228.0462519936204,2243.1068580542264,2241.537480063796,0.7496012759170654,0.5007974481658692,4915.236044657097,0.08181818181818233,-3.884530223389992,58.261562998405104,32.1673439860835,-34.27215523260437,31.42585377733598,-37.90018843339959,32.17165243538768,-37.935680679920466,18818.0,3078.0,18702.0,CVL -> COP,0.0007738037204285417
2020-12-21,CVL,COP,566,307,6.492932862190813,1464.2014134275619,1527.065371024735,1526.803886925795,0.8215547703180212,0.7102473498233216,3220.1042402826856,-1.476501766784452,-4.239622624141007,59.02826855123675,27.299690449115044,1.1403124092920323,27.14625865707964,1.5965080951327442,27.12922916592921,1.8240773805309731,11323.0,2133.0,11297.0,CVL -> COP,0.0008073742079601962
2020-12-28,CVL,COP,526,271,6.444866920152092,1492.0380228136883,1490.0589353612168,1498.9790874524715,0.7965779467680608,0.7604562737642585,3165.1235741444866,-2.6262357414448667,-4.852045933733651,58.460076045627375,26.46169871842105,7.460614689473683,28.559740034210517,0.0493059105263062,28.65405898157894,0.1934809157894705,16412.0,3195.0,16240.0,CVL -> COP,0.0008581674372770968
2021-01-04,CVL,COP,510,352,8.611764705882353,2154.8058823529414,2173.9666666666667,2167.105882352941,0.8862745098039215,0.5352941176470588,3862.050980392157,-1.0835294117647059,-4.514786513658804,65.6078431372549,27.794685827500007,-21.135337089999993,28.150464642499998,-21.493398094999993,28.081042342499995,-22.756572534999986,10501.0,1231.0,10452.0,CVL -> COP,0.0004785187311935102
2021-01-11,CVL,COP,456,313,6.866228070175438,1644.9649122807018,1669.8969298245613,1648.1995614035088,0.8728070175438597,0.6600877192982456,3547.6030701754385,-0.7195175438596492,-4.158777939708276,67.5657894736842,34.129350389261745,-23.529808291946303,34.343026335570464,-23.881971147651008,34.28780522147651,-23.254294191275168,8206.0,1069.0,8106.0,CVL -> COP,0.0004944311439575309
2021-01-18,CVL,COP,490,333,7.914285714285715,1960.4,1984.6224489795918,1977.8183673469389,0.8795918367346939,0.6183673469387755,3615.0938775510203,-2.4195918367346936,-5.155275764287073,60.285714285714285,26.720539418781726,-30.23340107360406,26.95911760913706,-30.673775228426397,26.912277923857868,-30.718292317258882,9023.0,1483.0,8988.0,CVL -> COP,0.0005539433417706064
2021-01-25,CVL,COP,557,325,7.339317773788151,1612.5745062836625,1600.552962298025,1614.499102333932,0.895870736086176,0.718132854578097,3372.7378815080788,0.6590664272890493,-4.171564644455376,71.18491921005386,29.41894512568306,-28.952369688524584,29.624505754098358,-29.004775344262285,29.61707067213115,-28.93193807650273,53519.0,5643.0,53352.0,CVL -> COP,0.0006889565338930744
2021-02-01,CVL,COP,786,332,6.559796437659033,1683.0356234096691,1702.8944020356234,1687.2290076335878,0.94529262086514,0.6844783715012722,3977.4096692111957,0.00432569974554643,-3.8105325405813386,70.99236641221374,37.208622455882356,-23.895140967320266,37.259657746732024,-23.676336978758176,37.402882517973865,-23.933151975490194,274647.0,34115.0,273824.0,CVL -> COP,0.0009492123107764581
2021-02-08,CVL,COP,623,381,7.695024077046549,1994.0096308186196,1996.5473515248796,2005.207062600321,0.8298555377207063,0.6548956661316212,4001.7592295345103,-0.2568218298555378,-4.352117847968552,65.29695024077047,31.366108091649693,-36.02530666531439,31.276237959266798,-36.11069362271804,31.437920067209774,-36.201060985801206,36333.0,4140.0,36190.0,CVL -> COP,0.0007878307339977415
2021-02-15,CVL,COP,655,362,8.829007633587786,2020.2137404580153,2027.618320610687,2021.6656488549618,0.7786259541984732,0.49770992366412214,3942.775572519084,-0.6429007633587785,-4.618801485390239,59.11450381679389,32.71770562121211,-21.3180231590909,32.101581946969695,-17.500920659090898,31.60487645454545,-14.941482742424236,27785.0,4123.0,27453.0,CVL -> COP,0.0008636876694410161
2021-02-22,CVL,COP,559,329,6.51520572450805,1530.0429338103756,1547.0983899821108,1543.932021466905,0.8926654740608229,0.6654740608228981,3685.109123434705,-0.25384615384615383,-4.239178339910797,73.73881932021467,30.20610067625899,-40.63397795683453,30.271412726618696,-39.96026366426858,30.31221483693045,-40.798283647482,36243.0,3761.0,36223.0,CVL -> COP,0.0007161240649712846
2021-03-01,CVL,COP,930,380,8.127956989247313,1662.8182795698924,1646.074193548387,1665.909677419355,0.9172043010752688,0.6408602150537634,3183.974193548387,-0.5904301075268816,-4.11329819086836,73.29032258064517,38.89068695100506,-27.880286517587944,38.980341066582945,-27.986728253768845,38.94638795728647,-27.985419531407036,461978.0,32538.0,461896.0,CVL -> COP,0.0012241464868970257
2021-03-08,CVL,COP,781,416,8.280409731113956,2139.8028169014083,2169.8642765685017,2165.266325224072,0.882202304737516,0.5825864276568502,4596.277848911652,-1.3790012804097311,-4.562258890068709,61.101152368758,31.532808969558612,-42.24809284627091,31.728672686453578,-42.28753797869099,31.684925461187216,-42.29644199391171,41169.0,7189.0,41121.0,CVL -> COP,0.0010210151322025036
2021-03-15,CVL,COP,847,375,9.512396694214877,2257.811097992916,2289.3376623376626,2287.6989374262103,0.8122786304604487,0.4675324675324675,4733.201889020071,-2.5628099173553722,-4.584446755356769,58.9728453364817,28.25586884700973,-10.309537646731565,27.73196856884561,-10.103716136300406,28.392352504867866,-9.977507489568836,132605.0,19986.0,132462.0,CVL -> COP,0.0009462376162408784
2021-03-22,CVL,COP,1148,401,11.782229965156795,3311.995644599303,3338.002613240418,3334.9355400696863,0.5949477351916377,0.3693379790940767,5915.9668989547035,-3.5144599303135884,-4.558465252866075,48.458188153310104,33.15812655948871,-49.05520575417891,33.339712498525095,-49.39224191937064,33.155788299901694,-49.38072984464105,147836.0,49449.0,147764.0,CVL -> COP,0.0013457735325734636
2021-03-29,CVL,COP,587,374,7.838160136286201,1952.0715502555365,1963.5059625212948,1964.0034071550256,0.8194207836456558,0.6354344122657581,4874.974446337308,-1.415672913117547,-4.199020472861856,62.47018739352641,29.69052456389452,-48.48312778701824,29.933908793103445,-48.16844425760649,30.02475493914807,-47.53291940973631,14572.0,2081.0,14517.0,CVL -> COP,0.0008474086906308647
2021-04-05,CVL,COP,838,364,8.109785202863963,1968.434367541766,1998.6682577565632,2011.5871121718378,0.7541766109785203,0.5859188544152745,4268.025059665871,0.098329355608591,-4.531968767871069,58.36515513126491,31.721616118143466,-42.81172749297751,31.838182142053455,-42.32178275842695,31.87771618424755,-43.37381465730335,61964.0,10473.0,61893.0,CVL -> COP,0.0011222758361155863
2021-04-12,CVL,COP,910,429,9.997802197802198,2424.0021978021978,2464.4461538461537,2445.891208791209,0.8263736263736263,0.5351648351648352,4814.396703296703,-1.4486813186813186,-4.851486498357255,61.81318681318681,34.79779742253521,-69.7807160665813,34.70888238668375,-70.17519274647887,34.81878566837388,-70.38940039948784,67975.0,11404.0,67918.0,CVL -> COP,0.0010641320833484377
2021-04-19,CVL,COP,1116,504,6.918458781362007,1609.9928315412187,1660.347670250896,1641.9632616487456,0.8198924731182796,0.6397849462365591,4115.732974910395,-2.3588709677419355,-4.947512644448446,65.83333333333333,32.535514449893405,-41.99910382515992,31.86163741044778,-40.626516795309186,32.469587756929656,-42.60240072921109,165152.0,21081.0,164462.0,CVL -> COP,0.001344103828407562
2021-04-26,CVL,COP,877,446,7.916761687571266,1929.9099201824401,1936.6271379703535,1960.425313568985,0.8403648802736602,0.677309007981756,4368.810718358039,0.7068415051311291,-4.942900822658296,52.48574686431015,32.58177652303523,-53.611765970189694,32.200681943089435,-47.87259971002709,32.624193731707315,-52.61276339566394,24894.0,8465.0,24786.0,CVL -> COP,0.0011186253026155678
2021-05-03,CVL,COP,793,406,8.735182849936947,2380.7112232030263,2412.0290037831023,2396.9747793190418,0.8562421185372006,0.5258511979823455,5210.118537200505,0.30718789407313984,-4.42524306452298,52.622950819672134,31.49080044927536,-63.05041842608695,31.489593466666665,-64.89910206376811,31.60767508840579,-64.33528428115942,38587.0,10988.0,38546.0,CVL -> COP,0.0011000840669539186
2021-05-10,CVL,COP,828,389,8.378019323671497,1952.5338164251207,1959.2222222222222,1952.2270531400966,0.8623188405797102,0.6038647342995169,4570.547101449275,-0.8076086956521746,-3.984919525610571,56.76328502415459,32.089632666191164,-60.099292235378044,31.584841111269615,-59.08788412268191,32.057347216833094,-60.08081460770331,52690.0,12393.0,52470.0,CVL -> COP,0.0009289728454954354
2021-05-17,CVL,COP,579,389,8.048359240069084,1967.433506044905,1983.7582037996547,1978.4663212435232,0.8670120898100173,0.616580310880829,3978.5492227979275,-1.4965457685664936,-4.351709206737891,67.61658031088083,29.156929836734694,-37.39612853741495,29.266613961451245,-37.316577569161,29.227446614512473,-37.37176802267573,11506.0,1515.0,11463.0,CVL -> COP,0.000608926931923231
2021-05-24,CVL,COP,856,414,10.636682242990654,3020.7908878504672,3032.7616822429904,3029.6133177570096,0.8084112149532711,0.5011682242990654,5856.7067757009345,-1.2594626168224299,-3.9876921504505547,55.8177570093458,31.08547866490064,-47.55405475496687,30.959134043708605,-49.165158023841045,31.180933654304617,-47.36169003973508,54102.0,10720.0,54100.0,CVL -> COP,0.0011320235714814698
2021-05-31,CVL,COP,937,379,7.370330843116329,1779.1035218783352,1797.179295624333,1802.8217716115262,0.7908217716115261,0.6392742796157951,3793.8569903948774,0.09370330843116312,-5.682799862520557,60.49092849519744,34.13663524125,-33.67799028874998,33.35072962125,-11.767135841249988,34.563809846249995,-25.29800659124999,77494.0,13485.0,77372.0,CVL -> COP,0.0013935012574229596
2021-06-07,CVL,COP,1352,425,7.8890532544378695,2085.6116863905327,2095.959319526627,2080.905325443787,0.7662721893491125,0.8306213017751479,3746.176775147929,-1.7414940828402368,-4.974970215348575,44.874260355029584,34.091853066666694,-50.03763287792228,34.04785464675329,-51.652056228571546,34.18878691948055,-50.06981565108242,154069.0,48148.0,153819.0,CVL -> COP,0.0017133378025428873
2021-06-14,CVL,COP,1358,436,7.955081001472754,1910.4896907216496,1970.179675994109,1966.3549337260677,0.6553755522827688,0.5832106038291606,3639.5876288659792,0.7726067746686306,-3.0450715093443237,52.60677466863034,28.018388460097697,-73.96668207899006,26.69418503990227,-73.53956140146568,26.89949122882735,-73.74109706921811,358229.0,66589.0,358124.0,CVL -> COP,0.0019538359497182187
2021-06-21,CVL,COP,855,406,8.102923976608187,1989.480701754386,2034.8315789473684,2024.5766081871345,0.8631578947368421,0.6795321637426901,4214.825730994152,-1.149590643274854,-4.384623759046698,63.42690058479532,33.26154896065128,-18.276787316146546,33.56989453731342,-17.494615503392136,33.17644530122114,-18.005901200814115,66898.0,10732.0,66858.0,CVL -> COP,0.001202472452129642
2021-06-28,CVL,COP,1011,400,11.891196834817013,2711.908011869436,2781.3907022749754,2774.7734915924825,0.722057368941642,0.6518298714144412,4238.5450049455985,1.5919881305637977,-3.0635817695842285,62.13649851632047,28.746715244785953,-74.84051561251371,27.778192618002194,-75.15908640614708,27.703548710208565,-75.27726913940722,242153.0,27995.0,242080.0,CVL -> COP,0.0014898934821949623
2021-07-05,CVL,COP,992,403,8.668346774193548,1969.2701612903227,1762.1270161290322,1748.7449596774193,0.782258064516129,0.6088709677419355,4448.115927419355,0.4873991935483867,-3.82729046494159,56.733870967741936,26.356129538724385,-51.41655831435079,26.31727368451026,-51.4585853496583,26.418690261959004,-51.5903261617312,76118.0,12403.0,75985.0,CVL -> COP,0.0019621611464401213
2021-07-12,CVL,COP,817,436,10.78702570379437,2498.500611995104,2539.9400244798044,2518.31211750306,0.7894736842105263,0.401468788249694,4723.428396572827,0.8591187270501836,-4.3982175342109135,53.99020807833537,26.115096102803733,-40.676054569333324,25.992440782376498,-41.74091789466666,26.170188846461947,-41.13674879599999,70625.0,14635.0,70459.0,CVL -> COP,0.001161347731960375
2021-07-19,CVL,COP,511,357,6.526418786692759,1593.430528375734,1612.7514677103718,1607.0998043052837,0.8336594911937377,0.7201565557729941,3410.2778864970646,-1.1998043052837575,-4.0226339719102135,62.6614481409002,23.4544663470437,-40.30986670951157,23.470488210796915,-40.82910496143958,23.531440395886886,-40.8413181233933,6944.0,953.0,6856.0,CVL -> COP,0.0008341127635575971
2021-07-26,CVL,COP,1240,357,11.116129032258064,2458.3016129032258,2527.268548387097,2524.090322580645,0.6758064516129032,0.34596774193548385,3880.185483870968,1.9590322580645163,-4.32605479822568,57.91129032258065,27.632780074008807,-79.31099282731263,25.806958811453747,-80.68994944052861,25.542193466079297,-79.78898857444932,336014.0,51462.0,335954.0,CVL -> COP,0.002082762953021938
2021-08-02,CVL,COP,682,327,11.712609970674487,2847.714076246334,2887.9442815249267,2875.275659824047,0.7771260997067448,0.3709677419354839,4714.304985337243,-2.722727272727272,-5.5163617171085,62.94721407624633,31.341252910472956,-70.90084341385128,31.045946896959464,-67.7017383462837,31.274930275337823,-70.87361807601341,91317.0,14079.0,91084.0,CVL -> COP,0.0012515254112875848
2021-08-09,CVL,COP,317,216,8.04416403785489,1985.794952681388,2007.602523659306,1996.993690851735,0.8927444794952681,0.6466876971608833,4531.637223974763,-0.865930599369085,-3.8688773383127635,63.2807570977918,26.521937400000002,-6.110504024489794,26.683334869387753,-6.4748323755102035,26.570875685714284,-6.450273191836734,5076.0,779.0,5040.0,CVL -> COP,0.0006120376412802978
2021-08-16,CVL,COP,388,246,8.971649484536082,2281.935567010309,2304.5592783505153,2302.860824742268,0.8273195876288659,0.44329896907216493,4072.262886597938,-1.7100515463917525,-4.173688001773348,59.69072164948454,30.92525722910216,-33.71238201857585,30.83701150154798,-34.23640037770898,30.703021934984516,-34.805968705882364,11074.0,1599.0,11058.0,CVL -> COP,0.0006438028171351106
2021-08-23,CVL,COP,497,284,6.23943661971831,1472.6961770623743,1510.6901408450703,1503.8108651911468,0.8410462776659959,0.7484909456740443,4255.597585513078,-0.5595573440643864,-4.546947790985557,64.16498993963782,26.287923323699424,-28.974830002890176,26.392037138728327,-29.30306884682081,26.33885078034682,-29.4964996849711,30101.0,3354.0,30079.0,CVL -> COP,0.0006016555818384755
2021-08-30,CVL,COP,479,263,7.872651356993737,2773.7453027139873,2801.572025052192,2804.4133611691022,0.918580375782881,0.5490605427974948,6542.878914405011,-0.3920668058455115,-3.6234739854422378,64.00835073068893,32.21654437179486,-48.91069990769232,32.0472641153846,-48.86905118974361,32.12192770512819,-49.023047856410265,40880.0,7498.0,40846.0,CVL -> COP,0.0006775086916302924
2021-09-06,CVL,COP,596,300,6.822147651006712,1587.8791946308725,1389.4446308724832,1643.3473154362416,0.7063758389261745,0.7416107382550335,3202.4949664429532,-2.3137583892617455,-4.459886421863352,53.238255033557046,29.487510837349408,-26.9606904819276,30.175524491967888,-27.08902040160632,30.06435501405624,-27.07009650602399,28636.0,6306.0,28582.0,CVL -> COP,0.000878478169227912
2021-09-13,CVL,COP,425,293,8.183529411764706,1958.4564705882353,1981.2658823529412,1985.2894117647058,0.8235294117647058,0.6847058823529412,4398.098823529412,-0.7941176470588238,-4.280773395678505,64.56470588235294,30.287729254601224,-29.57441103680982,30.40707266871166,-30.495502340490795,30.38761054294479,-29.667635085889575,6966.0,959.0,6856.0,CVL -> COP,0.0005553051238330426
2021-09-20,CVL,COP,551,362,10.644283121597097,2914.116152450091,2879.08166969147,2880.989110707804,0.8475499092558983,0.6333938294010889,6162.693284936479,0.29582577132486376,-4.661290907696244,62.43194192377496,28.778813488038278,-43.37963671052631,28.713545643540666,-42.8832746291866,28.91330042822966,-43.59769236842104,9865.0,1114.0,9731.0,CVL -> COP,0.0006647428132977517
2021-09-27,CVL,COP,1084,387,8.07011070110701,1950.461254612546,1950.7158671586717,1946.7564575645756,0.8367158671586716,0.46309963099630996,6416.891143911439,0.9792435424354241,-3.605691197314276,45.96863468634686,32.865375063147006,-71.31539265527947,33.05821865527951,-71.16998196583847,33.14449639855072,-71.73070667184261,146285.0,1990.0,146089.0,CVL -> COP,0.001545601665371536
2021-10-04,CVL,COP,1195,370,9.665271966527197,2357.8569037656903,2380.528870292887,2375.0594142259415,0.8510460251046025,0.602510460251046,4892.778242677824,0.7239330543933058,-4.189978999791545,51.64853556485355,30.89373827094973,-28.40487985381747,31.494344835195534,-46.32929743854749,30.549315063314715,-34.75859736499066,308630.0,20038.0,308480.0,CVL -> COP,0.0018292645591089722
2021-10-11,CVL,COP,513,329,6.918128654970761,1653.6335282651073,1666.5750487329435,1660.6861598440546,0.8323586744639376,0.6393762183235867,3715.576998050682,-0.961208576998051,-4.980548034278215,60.70175438596491,32.83704996031746,-17.363830949868074,32.46834067282322,-17.13189949736842,32.56170399736148,-18.124481694736843,9241.0,1550.0,9116.0,CVL -> COP,0.0007939455845482403
2021-10-18,CVL,COP,670,342,7.325373134328358,1659.8880597014925,1682.4716417910447,1653.665671641791,0.8925373134328358,0.5149253731343284,4736.956716417911,-1.672089552238806,-4.807978592058743,72.41791044776119,27.044937445075764,-48.92186783901515,27.329032482954556,-48.44683390151515,27.26651037500001,-49.16900786363637,161309.0,16279.0,160962.0,CVL -> COP,0.000983613296102836
2021-10-25,CVL,COP,457,300,7.975929978118162,1943.9890590809628,1953.5908096280089,1936.0218818380745,0.87527352297593,0.5448577680525164,4082.8336980306344,0.07439824945295394,-3.811430599743478,67.13347921225383,28.603348008547012,-51.219287327635335,28.777510886039888,-52.31499396866098,28.606787752136754,-51.2075537977208,11992.0,1570.0,11785.0,CVL -> COP,0.0006684237777498252
2021-11-01,CVL,COP,863,364,6.733487833140209,1615.821552723059,1653.24449594438,1631.747392815759,0.7740440324449595,0.7323290845886443,3695.82966396292,0.009849362688297364,-3.383335344636224,53.070683661645425,35.2930628101983,-59.838144542492905,35.27661641784702,-59.766614392351265,35.3014835,-59.70601533002833,52528.0,12915.0,51752.0,CVL -> COP,0.0012570646157431685
2021-11-08,CVL,COP,832,335,6.179086538461538,1449.4663461538462,1456.7560096153845,1456.7920673076924,0.8365384615384616,0.7415865384615384,3976.155048076923,-3.0026442307692305,-6.038070131886855,67.82451923076923,39.65142302902373,-16.95061477440633,40.07346668865436,-17.03758542084432,39.63613202638521,-16.896798711081793,182875.0,20666.0,182808.0,CVL -> COP,0.0012300541253383757
2021-11-15,CVL,COP,716,295,7.145251396648045,1526.8072625698323,1534.554469273743,1551.9259776536312,0.8324022346368715,0.6536312849162011,3742.473463687151,-1.906284916201117,-5.930591383086805,55.167597765363126,35.827241781925366,-55.06804051473478,35.849193051080576,-55.08001477799609,36.64178085854618,-34.39201399214146,35514.0,7719.0,35194.0,CVL -> COP,0.001091769642704661
2021-11-22,CVL,COP,513,266,6.037037037037037,1620.1286549707602,1643.6666666666667,1636.2553606237816,0.8830409356725146,0.7192982456140351,4115.692007797271,-1.6169590643274858,-3.8602073684263094,59.33723196881092,28.536472200934572,-30.253745334112153,28.41921173364486,-30.974157717289717,28.444507551401866,-30.519216759345795,45584.0,8693.0,45529.0,CVL -> COP,0.0009189102047396421
2021-11-29,CVL,COP,527,324,9.57685009487666,2369.912713472486,2370.4117647058824,2371.764705882353,0.888045540796964,0.5142314990512334,5322.125237191651,-1.4314990512333967,-4.420157972342251,53.092979127134726,32.90963276551726,-29.925374763218393,32.927408160919555,-29.41323888735633,32.95372149425289,-29.364816358620697,13270.0,7344.0,13225.0,CVL -> COP,0.0007663994206194892
2021-12-06,CVL,COP,428,294,8.018691588785046,2121.4976635514017,2130.0654205607475,2124.5467289719627,0.8878504672897196,0.6915887850467289,4345.420560747663,-1.5978971962616821,-4.8276725485411225,62.80373831775701,28.293534875,-7.012200662500002,28.086201240624995,-6.933328246875002,28.007201640625,-6.818495121875001,7849.0,1449.0,7809.0,CVL -> COP,0.0006263426855467035
2021-12-13,CVL,COP,528,315,9.170454545454545,2275.9564393939395,2288.8257575757575,2301.217803030303,0.8787878787878788,0.5359848484848485,4173.814393939394,-1.2611742424242425,-5.091902687822424,69.84848484848484,31.177296074592075,-32.74823533333332,31.06500379020979,-32.11720588344987,31.135811249417248,-32.45097084382283,24629.0,2694.0,24536.0,CVL -> COP,0.0008536547904099645
2021-12-20,CVL,COP,520,248,10.598076923076922,2171.6846153846154,2138.1153846153848,2170.6884615384615,0.8615384615384616,0.4519230769230769,3925.1711538461536,-0.14846153846153898,-4.930713696143825,60.07692307692308,33.377455121951265,-50.761881960975664,33.516194792682974,-50.46131944146346,33.486180158536634,-50.58373887317077,55194.0,9103.0,55179.0,CVL -> COP,0.0010582075185644193
2021-12-27,CVL,COP,345,217,7.484057971014493,1766.9391304347826,1793.055072463768,1782.9971014492753,0.863768115942029,0.6782608695652174,3608.4463768115943,-0.4449275362318841,-3.8267779567802416,67.73913043478261,27.952547521551722,-41.322241146551725,28.099768211206893,-39.70521025431035,28.013249676724136,-41.47584603017241,7846.0,683.0,7836.0,CVL -> COP,0.0007733241281611024
2022-01-03,CVL,COP,664,283,8.048192771084338,1892.563253012048,1890.3659638554218,1902.4021084337348,0.8945783132530121,0.5436746987951807,4407.65813253012,-1.6245481927710843,-5.85610651858979,44.75903614457831,29.581142510344854,-46.769352015517256,29.711709217241403,-47.27658574137933,29.51164993793106,-46.52651788965519,37469.0,14042.0,37432.0,CVL -> COP,0.0012088442247649217
2022-01-10,CVL,COP,437,296,7.862700228832952,1908.9839816933638,1921.6521739130435,1923.304347826087,0.88558352402746,0.6384439359267735,3690.3272311212813,-1.412814645308924,-4.829736086992318,61.693363844393595,32.91386270694864,-42.96269065861027,33.318413764350446,-43.65708099093656,33.114007480362545,-43.104902864048334,8738.0,1443.0,8645.0,CVL -> COP,0.0007168976214419649
2022-01-17,CVL,COP,365,253,6.328767123287672,1507.304109589041,1512.9835616438356,1520.8821917808218,0.8657534246575342,0.6767123287671233,3585.454794520548,-1.3567123287671237,-5.037006952093721,69.58904109589041,29.58155416386555,-33.027596222689084,29.696507924369747,-32.93289678151261,29.673825592436973,-34.04138442857143,5865.0,697.0,5834.0,CVL -> COP,0.0005279823407988589
2022-01-24,CVL,COP,655,282,9.26412213740458,2471.3419847328246,2431.2748091603053,2497.2625954198475,0.8885496183206106,0.4595419847328244,4451.415267175573,-0.046717557251908244,-4.158231134078809,58.44274809160305,41.491789666666655,-45.71879527504554,41.413994948998166,-44.97364838979964,41.43615414936247,-44.584333018214934,82796.0,15756.0,82766.0,CVL -> COP,0.0009703329945809495
2022-01-31,CVL,COP,628,309,10.23248407643312,2603.2149681528663,2623.394904458599,2611.417197452229,0.8455414012738853,0.5621019108280255,4474.952229299363,0.1480891719745223,-4.8372834295631515,70.828025477707,26.44885607692308,-23.743832051282048,25.759786589743594,-21.99441934188034,26.525526175213678,-23.517990705128213,101847.0,10222.0,101647.0,CVL -> COP,0.0009587303235104185
2022-02-07,CVL,COP,837,335,7.937873357228196,1970.673835125448,1943.1015531660694,1980.8028673835126,0.8972520908004779,0.5710872162485066,4124.554360812425,0.6556750298685787,-3.796448502108698,75.55555555555556,33.222131586505185,-64.35500072664358,30.616190761245676,-58.44280324913494,32.995748200692034,-64.00330489273355,278326.0,28162.0,278261.0,CVL -> COP,0.0011099205949280475
2022-02-14,CVL,COP,597,320,9.07035175879397,2270.6666666666665,2314.8659966499163,2281.7286432160804,0.7386934673366834,0.44221105527638194,4802.98324958124,-0.1670016750418754,-4.05144003048715,57.085427135678394,33.85343907399579,-49.717593983086694,32.68442865116281,-51.8075244270613,33.91458799577168,-50.591145991543364,15015.0,3550.0,13729.0,CVL -> COP,0.0008107139171197792
2022-02-21,CVL,COP,499,300,6.799599198396794,1555.1803607214429,1558.434869739479,1557.8557114228456,0.9098196392785571,0.627254509018036,3110.2945891783565,-0.31182364729458933,-4.292115041193455,55.69138276553106,32.60260826732674,-47.06522892079209,32.32431222772277,-46.88323659405941,32.40894025990099,-47.06166184158417,10146.0,4629.0,10097.0,CVL -> COP,0.00045776960703368966
2022-02-28,CVL,COP,829,252,5.213510253317249,1115.043425814234,1046.8250904704464,1070.0603136308805,0.7165259348612787,0.7864897466827503,2870.0168878166464,-5.333172496984317,-5.364997251511328,45.24728588661037,36.52787262210093,-87.18124084583883,35.95624110777627,-84.68553502455643,35.9429874924966,-86.31639887175969,222424.0,54193.0,222419.0,CVL -> COP,0.0008573154134762951
2022-03-07,CVL,COP,469,276,8.390191897654585,2048.1641791044776,2043.8208955223881,2047.7761194029852,0.7825159914712153,0.673773987206823,4766.778251599148,-2.851599147121535,-4.37075470758427,62.6865671641791,36.22918559620596,-22.51605262330623,36.77376093495934,-22.646205197831982,36.79800829268292,-23.62984684281843,9938.0,1406.0,9932.0,CVL -> COP,0.0004967131148148658
2022-03-14,CVL,COP,570,347,7.445614035087719,1642.819298245614,1765.9228070175438,1759.0877192982457,0.8508771929824561,0.6087719298245614,3675.8877192982454,-1.32,-5.380069809627335,59.96491228070175,24.418646491916853,-31.926423919168588,24.508373526558888,-32.38810739030023,24.535867321016166,-31.713389244803686,22751.0,3687.0,20954.0,CVL -> COP,0.000644683341721757
2022-03-21,CVL,COP,445,281,6.3752808988764045,1468.9370786516854,1474.1573033707866,1473.5955056179776,0.8584269662921349,0.7056179775280899,3173.8629213483146,-1.6620224719101127,-4.740260239813018,64.29213483146067,28.203305757961786,-20.060900777070064,28.20185980254777,-20.19936312101911,28.266950152866247,-19.135200732484073,14190.0,1747.0,14123.0,CVL -> COP,0.0005479465548937784
2022-03-28,CVL,COP,475,279,6.271578947368421,1466.378947368421,1441.7578947368422,1465.44,0.8842105263157894,0.6694736842105263,3875.2631578947367,0.6124210526315788,-3.990436049727929,73.17894736842105,30.656190389610384,-33.88972083441558,30.576419415584414,-33.41025941883116,30.62861655844156,-33.34827219805194,31111.0,3201.0,31107.0,CVL -> COP,0.0005589892532845032
2022-04-04,CVL,COP,700,277,7.031428571428571,1831.6057142857144,1769.7142857142858,1801.4814285714285,0.9171428571428571,0.8114285714285714,4767.7642857142855,1.4037142857142872,-4.282778770316133,59.67142857142857,29.853261173831786,-69.21147887289723,29.750093697196267,-69.25023962056078,29.806381547663563,-69.209439246729,160672.0,26150.0,159947.0,CVL -> COP,0.0009092550473397146
2022-04-11,CVL,COP,901,325,8.983351831298558,2207.340732519423,2167.7302996670364,2202.1997780244174,0.8390677025527192,0.6759156492785794,4854.055493895671,-1.54062153163152,-4.593396234491891,73.79578246392897,30.478028547008563,-64.00562467765569,30.208562849816865,-64.0736223675214,30.161935350427367,-64.09972029914532,263514.0,26020.0,263004.0,CVL -> COP,0.0012532496164444154
2022-04-18,CVL,COP,709,324,9.894217207334274,2872.9520451339918,2905.8928067700986,2846.660084626234,0.5500705218617772,0.41889985895627646,4096.813822284908,-3.8572637517630537,-4.78787930500829,50.0,32.550753058236296,-51.79914335773709,31.725247389351114,-51.99474344758737,32.55472782196341,-50.82848563227951,54831.0,24471.0,54769.0,CVL -> COP,0.0009931822034076375
2022-04-25,CVL,COP,475,275,5.703157894736842,1360.9726315789474,1362.5536842105264,1361.7452631578947,0.8652631578947368,0.7578947368421053,3358.7431578947367,0.5090526315789465,-4.631835131697761,65.36842105263158,28.552788165266108,-51.071024848739505,27.781173039215687,-51.40139095518208,28.39967324438202,-51.356341210674174,12834.0,2035.0,12795.0,CVL -> COP,0.0005928873489073398
2022-05-02,CVL,COP,425,264,7.7035294117647055,1855.0117647058823,1859.924705882353,1870.5458823529411,0.8941176470588236,0.6470588235294118,3913.338823529412,-0.9621176470588236,-4.570731698531663,65.03529411764706,27.844359993527508,-22.182591080906146,27.28634866666666,-22.984943508090616,27.655680705501617,-22.737247067961167,10551.0,1322.0,10526.0,CVL -> COP,0.0006260938227373706
2022-05-09,CVL,COP,800,322,14.19125,3435.555,3394.005,3390.56875,0.7275,0.52,5299.83375,-2.41175,-4.921200071060531,59.5125,40.08516361605833,6.917291160583947,41.53082945985399,9.327706781021908,41.057405518248125,8.743579189781029,141396.0,22806.0,141248.0,CVL -> COP,0.0010960675835272003
2022-05-16,CVL,COP,1067,362,13.746954076850985,2869.3795688847235,2861.471415182755,2863.4386129334584,0.7441424554826617,0.5791940018744143,6375.221180880974,-2.622305529522025,-5.587273866860891,63.1958762886598,38.25600136734692,-20.190699377013978,38.36845727497313,-20.314531088077363,38.13051833834585,-20.293684331901197,376649.0,36082.0,376601.0,CVL -> COP,0.0014995601102956678
2022-05-23,CVL,COP,613,336,7.500815660685155,1909.5073409461663,1933.5905383360523,1926.8907014681893,0.8270799347471451,0.7618270799347472,4809.360522022838,-0.6890701468189234,-4.512506640387531,67.21044045676999,27.792795546370954,-54.20064372983867,27.889776594758047,-53.67134854838705,27.788736877016113,-54.08016631048384,85788.0,9426.0,85728.0,CVL -> COP,0.0008146991394491146
2022-05-30,CVL,COP,458,278,7.604803493449782,1849.17903930131,1879.6681222707423,1863.840611353712,0.8973799126637555,0.6681222707423581,3644.528384279476,-1.2875545851528385,-4.62770872288894,66.68122270742359,31.191894507987225,-41.49442896485623,31.287746073482435,-41.40363640894569,31.12775489137381,-42.771456440894575,11279.0,1621.0,11245.0,CVL -> COP,0.0007084201457365636
2022-06-06,CVL,COP,446,247,6.728699551569507,1588.5762331838564,1607.3161434977578,1600.7466367713005,0.8968609865470852,0.6816143497757847,3670.9887892376682,-0.29035874439461845,-3.9438182157476396,67.42152466367713,30.89407094901961,-26.378055615686275,32.0828859882353,-25.95111776862745,31.45570085098039,-25.098625560784306,27033.0,4346.0,26888.0,CVL -> COP,0.0006960614781474152
2022-06-13,CVL,COP,526,315,7.403041825095057,1707.954372623574,1734.809885931559,1733.2338403041824,0.8593155893536122,0.6368821292775665,3868.180608365019,-0.8250950570342204,-4.081710459791331,54.94296577946768,26.925677466042146,-49.92121326697892,25.42873348477751,-50.67598211943793,25.3928648852459,-51.21366205620609,11748.0,2793.0,11693.0,CVL -> COP,0.000874902280401191
2022-06-20,CVL,COP,395,260,6.739240506329114,1612.318987341772,1626.106329113924,1623.3113924050633,0.8860759493670886,0.7544303797468355,3815.881012658228,-1.6308860759493673,-4.67929085386636,65.0632911392405,29.640406900793643,-19.764434686507933,29.50490200396825,-19.720898837301583,29.54130716269841,-19.744607448412697,11945.0,1394.0,11905.0,CVL -> COP,0.0006481445017655784
2022-06-27,CVL,COP,608,331,7.266447368421052,1835.4506578947369,1804.1990131578948,1867.5657894736842,0.78125,0.5509868421052632,4053.8601973684213,-2.572697368421052,-3.9549374428768793,62.38486842105263,28.445577631578942,0.7056434342105279,28.739294254385964,0.8962900921052533,28.725565307017543,0.7165542741227987,51845.0,7868.0,51815.0,CVL -> COP,0.0009587682351252943
2022-07-04,CVL,COP,579,338,6.409326424870466,1394.958549222798,1406.300518134715,1415.853195164076,0.8324697754749568,0.7219343696027634,3798.8911917098444,0.31744386873920566,-4.988006465899984,63.81692573402418,29.55815962583519,-42.533774826280606,29.35695984855234,-41.77254871492203,29.47716586191536,-42.53816569487749,23011.0,3288.0,22812.0,CVL -> COP,0.0009984703916452687
2022-07-11,CVL,COP,420,251,8.16904761904762,1866.9761904761904,1860.5666666666666,1883.402380952381,0.8690476190476191,0.5476190476190477,3994.8333333333335,-0.6926190476190476,-5.060741900968047,60.857142857142854,25.242396316993464,-36.51684679084967,25.263557754901964,-37.64199548366013,25.132065598039215,-37.35326933986928,7539.0,1276.0,7479.0,CVL -> COP,0.0006485885477793563
2022-07-18,CVL,COP,762,334,7.085301837270341,1440.01312335958,1429.6141732283465,1458.716535433071,0.7939632545931758,0.5131233595800525,4407.360892388451,-3.9997375328083993,-6.264584868885079,54.645669291338585,16.171149509118536,-40.97234755167165,14.358844676291772,-41.26540054559264,16.321867107902726,-41.10015446656527,82204.0,21107.0,81804.0,CVL -> COP,0.0012775267618384985
2022-07-25,CVL,COP,508,303,7.875984251968504,1937.6141732283465,1973.509842519685,1957.8405511811025,0.7874015748031497,0.6791338582677166,3775.6279527559054,-0.6929133858267719,-4.597136973244439,58.28740157480315,30.545270413705587,-48.598344505076135,29.6094018857868,-47.257256093908616,29.686038180203052,-47.45322208375634,9636.0,1654.0,9526.0,CVL -> COP,0.0009480866566134643
2022-08-01,CVL,COP,669,352,7.116591928251121,1618.847533632287,1625.98355754858,1631.9357249626307,0.8684603886397608,0.7324364723467862,3401.7862481315397,0.20373692077728017,-5.907113539885209,64.99252615844544,17.207911937842773,-25.92909060329069,17.315748129798905,-25.14815592321756,17.367398711151736,-25.542699744058513,61941.0,8696.0,61877.0,CVL -> COP,0.0010081495858901253
2022-08-08,CVL,COP,678,314,5.81858407079646,1203.2374631268437,1194.646017699115,1206.7020648967552,0.8480825958702065,0.7168141592920354,3132.2905604719763,-0.8843657817109143,-4.848990927016128,59.336283185840706,32.04283700811359,-33.808011103448294,32.26618608316431,-34.135785758620706,32.18262780730223,-34.026483726166354,68267.0,9360.0,67614.0,CVL -> COP,0.0011902254055192753
2022-08-15,CVL,COP,401,278,7.922693266832917,1993.788029925187,2002.3142144638405,2005.847880299252,0.8054862842892768,0.5935162094763092,3889.009975062344,-1.3074812967581046,-5.46967760701659,64.96259351620948,29.29432630693069,-42.51737473597359,29.042208551155117,-43.78812443894389,29.171784986798674,-42.681562953795385,8809.0,1197.0,8775.0,CVL -> COP,0.0007615104873857022
2022-08-22,CVL,COP,476,282,5.743697478991597,1219.90756302521,1217.7542016806722,1229.2121848739496,0.7205882352941176,0.7899159663865546,3826.4285714285716,-2.064495798319328,-4.80712617735566,56.890756302521005,32.9159834591029,-43.8123754459103,32.97913121635885,-43.67576911345646,33.07521274670186,-43.93701106596306,10669.0,2692.0,10634.0,CVL -> COP,0.0008959595237109288
2022-08-29,CVL,COP,426,258,6.685446009389671,1707.4929577464789,1733.1666666666667,1733.0680751173709,0.8215962441314554,0.6666666666666666,3934.0539906103286,-0.9802816901408449,-4.76506482739615,61.713615023474176,29.729561795857983,-45.32044890828403,29.843827940828398,-44.925778789940836,29.77033240828402,-44.64240137278107,15390.0,2588.0,15334.0,CVL -> COP,0.000818999244444359
2022-09-05,CVL,COP,512,261,5.80859375,1269.966796875,1297.021484375,1302.380859375,0.87890625,0.70703125,3016.458984375,-1.1240234375,-5.547674512824906,71.38671875,37.32499749643706,-39.11688390498813,37.27889105225653,-39.47684781710215,37.26799763895487,-39.346544007125885,80315.0,9969.0,79855.0,CVL -> COP,0.0007761656507284891
2022-09-12,CVL,COP,463,328,9.174946004319654,2075.8250539956803,2096.7300215982723,2093.7991360691144,0.8747300215982722,0.5896328293736501,3809.6025917926568,-0.02030237580993525,-4.641842788466316,65.0755939524838,25.40244923076923,-34.2949729852071,25.861466346153847,-36.15291786686391,25.643282884615388,-35.02596496745562,6793.0,820.0,6721.0,CVL -> COP,0.0006927570233293034
2022-09-19,CVL,COP,485,297,7.783505154639175,1826.1855670103093,1819.5360824742268,1839.3855670103094,0.8515463917525773,0.6762886597938145,4125.406185567011,0.024329896907216507,-5.412287951931039,64.41237113402062,31.48273898421052,-41.023613171052624,31.833032447368414,-44.81391715263156,31.520108323684205,-41.967474505263155,15322.0,2311.0,15154.0,CVL -> COP,0.0007854403648330008
2022-09-26,CVL,COP,680,326,6.3088235294117645,1662.5132352941177,1695.475,1689.7264705882353,0.7764705882352941,0.7544117647058823,3634.255882352941,-1.483970588235294,-3.4663057047145385,64.04411764705883,33.636701362657085,-30.147628942549375,32.63167979449541,-36.37832940183486,33.22846532854578,-35.505691964093366,38963.0,5877.0,38916.0,CVL -> COP,0.0011844853324136154
2022-10-03,CVL,COP,504,335,6.9523809523809526,1669.8373015873017,1683.6468253968253,1680.9642857142858,0.8412698412698413,0.6369047619047619,3536.5853174603176,0.6093253968253967,-4.2455199385407,59.70238095238095,31.001467603626935,-48.95626824093265,30.853561645077736,-49.92342736010364,31.356304313471508,-48.90131482124354,8102.0,1440.0,7952.0,CVL -> COP,0.0008187772925764192
2022-10-10,CVL,COP,1270,290,6.758267716535433,1195.8275590551182,1154.2850393700787,1196.8700787401574,0.8968503937007875,0.9015748031496063,3812.3937007874015,-2.002204724409449,-6.628241016169462,81.35433070866142,35.76285793590958,-65.18187941281798,35.57646606032053,-65.32145704052769,35.66966125353448,-65.31939016022609,2209218.0,143312.0,2208309.0,CVL -> COP,0.0022515494915398473
2022-10-17,CVL,COP,661,272,6.34947049924357,1288.0756429652042,1355.4054462934946,1104.3509833585476,0.7246596066565809,0.735249621785174,2978.9001512859304,1.7860816944024211,-3.834053210602489,48.66868381240545,37.169272746789076,-69.22357233577948,37.06038743486249,-69.11616214128424,37.114094948623965,-69.10245509541268,47906.0,27993.0,47793.0,CVL -> COP,0.0011835421392927038
2022-10-24,CVL,COP,491,278,8.409368635437882,2159.040733197556,2180.9735234215887,2165.1792260692464,0.835030549898167,0.539714867617108,4174.358452138493,0.6350305498981674,-4.1578688680385465,61.60896130346232,31.252086506775054,-39.4823162899729,30.87587942276422,-38.38907302168022,31.432231826558258,-39.12408920867209,13150.0,2945.0,13093.0,CVL -> COP,0.0008869363844426661
2022-10-31,CVL,COP,470,276,8.148936170212766,2053.878723404255,2062.6510638297873,2066.7531914893616,0.8978723404255319,0.725531914893617,4347.36170212766,-0.6280851063829787,-4.716484671474786,65.93617021276596,32.66105655337079,-24.158489601123605,32.57363581460674,-22.773571342696634,32.47155641292135,-22.744169938202255,20120.0,3187.0,20093.0,CVL -> COP,0.0008708961335917609
2022-11-07,CVL,COP,238,190,6.794117647058823,1712.1512605042017,1729.9747899159663,1721.7268907563025,0.8781512605042017,0.6932773109243697,3611.9495798319326,-0.41218487394957987,-3.888554884288149,66.30252100840336,30.61446301744186,-33.88012129651162,30.46612493103448,-34.424246137931036,30.625224502890166,-32.935749497109825,2661.0,335.0,2628.0,CVL -> COP,0.0006264839509552564
2022-11-14,CVL,COP,382,281,6.672774869109948,1443.2670157068062,1459.8429319371728,1456.4528795811518,0.8769633507853403,0.7277486910994765,3104.3350785340313,-0.2683246073298429,-4.5243678401590985,65.6544502617801,30.565679191729327,-20.951395563909777,30.41368783834587,-21.16920793233082,30.706578439849626,-21.64503364661654,5446.0,734.0,5436.0,CVL -> COP,0.0006208192213431798
2022-11-21,CVL,COP,320,216,7.79375,1905.590625,1907.353125,1914.290625,0.846875,0.6125,3749.565625,-1.3265625,-4.514777839350521,63.0625,31.7716040125,-26.26357391666666,31.5891241302521,-27.4818031092437,31.615290852941175,-26.697706470588233,5061.0,721.0,5029.0,CVL -> COP,0.0007429006556098286
2022-11-28,CVL,COP,420,207,8.221428571428572,2043.6190476190477,2098.3571428571427,2064.454761904762,0.7142857142857143,0.6333333333333333,5006.6238095238095,-2.572619047619048,-4.964268891202935,58.42857142857143,38.571865837606815,1.1460283931624031,37.50985435612534,4.566908336182342,38.59965407122504,1.1644093048433137,38117.0,5671.0,28352.0,CVL -> COP,0.0008343249218813629
2022-12-05,CVL,COP,362,241,7.6740331491712706,2023.7762430939226,2052.9944751381217,2045.207182320442,0.8674033149171271,0.6823204419889503,4286.602209944751,-1.2930939226519333,-4.277384085597936,66.71270718232044,28.967566307142857,-0.1566434357142847,29.72600972142857,0.5020248178571446,29.68738236428572,-0.2327930749999999,8507.0,1094.0,8414.0,CVL -> COP,0.0006866581561521347
2022-12-12,CVL,COP,700,328,6.8,1594.7814285714285,1623.3285714285714,1625.5628571428572,0.8071428571428572,0.7342857142857143,4192.117142857142,0.03828571428571434,-4.521959724680367,56.72857142857143,16.6194841448041,-47.02017790289605,17.748671880749583,-47.58399247359453,17.472396183986383,-47.198183807495724,31469.0,6249.0,30949.0,CVL -> COP,0.0013818207660024715
2022-12-19,CVL,COP,834,286,7.770983213429257,1576.5803357314148,1586.425659472422,1599.7661870503598,0.9256594724220624,0.6858513189448441,3588.4856115107914,-0.8666666666666657,-6.094424979932789,69.38848920863309,39.71666076862746,-8.732023024836602,38.59902312156863,-18.85282054117646,39.67186403660132,-8.38850145620915,312521.0,38730.0,312492.0,CVL -> COP,0.0016343903958987384
2022-12-26,CVL,COP,344,205,7.741279069767442,1833.4040697674418,1836.1511627906978,1843.0726744186047,0.875,0.6540697674418605,3426.529069767442,-1.3627906976744186,-4.858483435083559,67.03488372093024,29.81197444939271,-2.897662133603239,29.915797943319834,-0.6476926194331972,29.75863546153846,-1.342046465587044,8922.0,1167.0,8867.0,CVL -> COP,0.0008073923339975543
2023-01-02,CVL,COP,462,246,7.220779220779221,1752.8116883116884,1784.2922077922078,1771.5584415584415,0.8225108225108225,0.6666666666666666,3551.725108225108,-0.7534632034632034,-5.321294594616291,60.77922077922078,27.390386526760565,-33.248885019718315,26.974506433802823,-33.456494738028184,27.29017291267606,-33.25766363943663,12296.0,2425.0,12245.0,CVL -> COP,0.0008730488680600174
2023-01-09,CVL,COP,645,324,6.613953488372093,1534.4325581395349,1515.88992248062,1533.0806201550388,0.7488372093023256,0.7488372093023256,3421.3953488372094,1.5987596899224779,-4.862478295892482,49.53488372093023,31.872516234972693,-63.66267405282325,31.830088912568318,-64.31942064663018,31.881508402550107,-63.47592658469939,39134.0,16946.0,39016.0,CVL -> COP,0.0010005817335660267
2023-01-16,CVL,COP,493,264,9.52129817444219,2331.30831643002,2378.997971602434,2355.1541582150103,0.7870182555780934,0.4908722109533469,4286.894523326572,-1.6160243407707904,-5.658958379580885,52.57606490872211,32.73958256790122,-54.50296898271607,32.251436091358016,-55.033954308641974,32.2561649802469,-54.7471006197531,18248.0,6038.0,18224.0,CVL -> COP,0.0008553978554325572
2023-01-23,CVL,COP,729,328,8.2400548696845,1888.7997256515775,1842.9341563786008,1879.5404663923182,0.8587105624142661,0.7133058984910837,3849.514403292181,-2.3596707818930045,-4.2441703792725685,53.1275720164609,32.91130087500002,-64.36561454227942,32.59589918382354,-64.70582809191177,32.82911032352943,-64.91763717279413,41692.0,9028.0,41656.0,CVL -> COP,0.001158280914104493
2023-01-30,CVL,COP,965,369,9.522279792746113,2627.5253886010364,2441.236269430052,2631.0632124352333,0.8424870466321244,0.43523316062176165,4871.046632124352,1.0865284974093254,-6.195917688288262,65.79274611398964,38.5419352855407,-58.077729747266126,38.59688591737546,-57.96334250546782,38.55204351154314,-57.71870961360876,189531.0,24085.0,189500.0,CVL -> COP,0.0015077041337653856
2023-02-06,CVL,COP,460,337,8.295652173913043,2019.15,2037.291304347826,2038.7804347826086,0.8695652173913043,0.5826086956521739,4120.858695652174,-1.7815217391304348,-4.606737550391569,63.82608695652174,30.472393259154927,-39.56775788202246,30.37546610422535,-40.27874480056179,30.65676686478873,-40.0783325252809,7607.0,1007.0,7335.0,CVL -> COP,0.0007761433773035429
2023-02-13,CVL,COP,530,289,8.537735849056604,2096.8641509433965,2088.111320754717,2073.454716981132,0.8603773584905661,0.620754716981132,4098.232075471698,-1.4684905660377359,-5.452980567475335,56.0,32.706268683371306,-27.34241039635536,32.967138512528486,-27.339829986332585,32.98946691799546,-26.885636364464702,33320.0,7791.0,33299.0,CVL -> COP,0.000863308883774191
2023-02-20,CVL,COP,437,318,8.393592677345538,2085.4393592677347,2091.7116704805494,2087.5514874141877,0.7803203661327232,0.6041189931350115,4864.62471395881,-1.4075514874141875,-4.983421026941061,58.878718535469105,27.193971232352936,-27.504634552941173,27.0045899,-27.266392494117657,26.8568178117647,-27.317137170588243,5640.0,1142.0,5561.0,CVL -> COP,0.0006698488318265567
2023-02-27,CVL,COP,519,315,8.013487475915221,1904.0500963391137,1920.3988439306358,1913.7418111753373,0.8208092485549133,0.626204238921002,4258.14450867052,0.20404624277456623,-4.8364119957600025,59.96146435452794,31.54460483599089,-35.54008785193623,30.583389740318903,-34.373801671981774,30.952212899772203,-35.73197834624146,9836.0,1810.0,9807.0,CVL -> COP,0.000867189653876037
2023-03-06,CVL,COP,372,284,8.56989247311828,2104.6263440860216,2119.27688172043,2115.940860215054,0.8360215053763441,0.5940860215053764,4315.701612903225,-1.1115591397849462,-5.054011717251437,63.01075268817204,27.132672892473124,-26.918425103942656,27.16143941577061,-26.815774745519718,27.002358770609316,-26.741415605734772,4579.0,668.0,4489.0,CVL -> COP,0.0006080547641581139
2023-03-13,CVL,COP,1232,315,15.492694805194805,3666.496753246753,3691.5178571428573,3637.2597402597403,0.6436688311688312,0.35633116883116883,5398.439935064935,0.27240259740259753,-6.916368345160394,35.089285714285715,32.82973532130284,3.4639105008802886,29.968847125880284,0.43490669278169153,44.859950558978866,11.953596569542249,160641.0,52848.0,160536.0,CVL -> COP,0.001967438258050607
2023-03-20,CVL,COP,613,281,10.64600326264274,2469.675367047308,2486.4404567699835,2493.31484502447,0.763458401305057,0.4078303425774878,4444.6117455138665,-0.3650897226753669,-4.341814581934521,56.280587275693314,34.599673309297906,-19.218613612903223,32.098527261859566,-14.179760445920303,34.96785376470587,-20.266549440227703,32552.0,7205.0,32520.0,CVL -> COP,0.0009743800050229051
2023-03-27,CVL,COP,792,379,9.535353535353535,2606.881313131313,2628.556818181818,2619.5454545454545,0.7689393939393939,0.43813131313131315,5302.775252525253,0.755681818181818,-5.605359706409944,62.94191919191919,30.026917393798445,-54.857818308527165,28.331149034108527,-52.31606621395351,30.124123452713178,-55.984613241860494,44576.0,7716.0,43998.0,CVL -> COP,0.00065772372779871
2023-04-03,CVL,COP,778,421,7.268637532133676,1672.5449871465296,1671.9370179948587,1703.4254498714654,0.8586118251928021,0.6850899742930592,3529.185089974293,-0.8339331619537276,-4.993560449676236,63.573264781491005,27.998019634188037,-39.486181,28.111794564102563,-39.56326860683762,28.0781752991453,-39.623236128205136,33912.0,6626.0,33868.0,CVL -> COP,0.0006394329593992946
2023-04-10,CVL,COP,705,395,7.136170212765958,1729.3645390070922,1737.472340425532,1744.0524822695036,0.7943262411347518,0.573049645390071,3728.2652482269505,-1.7628368794326243,-4.6842792369673205,58.52482269503546,32.98859771611722,-52.29340202564102,32.92263325919117,-52.24118615073528,33.240749620879114,-50.81691490109889,16554.0,2486.0,15580.0,CVL -> COP,0.0006500277990611939
2023-04-17,CVL,COP,857,395,9.068844807467912,2313.313885647608,2345.3057176196035,2339.014002333722,0.808634772462077,0.42123687281213534,4111.255542590432,-2.682963827304551,-5.692404882452133,50.11668611435239,34.10073537365589,-58.783260061827946,34.174718545698894,-59.64112938172043,34.198775266129005,-59.77374443010752,77521.0,21582.0,77439.0,CVL -> COP,0.0008733579952510522
2023-04-24,CVL,COP,1178,446,9.022920203735143,2203.9567062818337,2208.2122241086586,2216.157894736842,0.8488964346349746,0.5297113752122241,4109.551782682513,0.526910016977927,-4.416381695640651,56.884550084889646,35.77795138662483,-34.3931579404389,35.66020982340643,-33.743257073145266,35.73007774399161,-32.50810043782657,245301.0,37585.0,244064.0,CVL -> COP,0.0011861428708080976
2023-05-01,CVL,COP,847,449,8.035419126328216,1911.8134592680046,1936.4191263282173,1936.1688311688313,0.7957497048406139,0.693034238488784,3602.2597402597403,-0.5512396694214876,-3.9966150163663374,54.19126328217237,33.376673454411765,-20.147672748529423,33.34150032794118,-19.52427294558825,33.31887248382353,-19.427805495588252,22706.0,3813.0,22560.0,CVL -> COP,0.0008414046590175334
2023-05-08,CVL,COP,1921,615,9.362311296199897,2180.2847475273297,2203.6647579385735,2188.880270692348,0.6684018740239459,0.5450286309213951,4996.561686621551,0.9242581988547627,-4.867912709766845,51.264966163456535,30.1774508618654,-58.82975457497049,30.2593919651712,-60.232924859504124,29.352190873081458,-57.12925230519482,308080.0,59658.0,306962.0,CVL -> COP,0.0018336749002265129
2023-05-15,CVL,COP,1226,468,5.915986949429038,1399.0130505709624,1376.0008156606852,1395.6500815660686,0.9061990212071778,0.7039151712887439,3445.074225122349,-0.4326264274061986,-4.0890516415015385,70.45676998368678,11.109479629514974,17.186196909184776,11.005985765737886,17.530199212590354,11.04911001754387,19.052455284829772,430647.0,49123.0,429589.0,CVL -> COP,0.0011770353302611367
2023-05-22,CVL,COP,1135,438,7.461674008810573,1707.225550660793,1754.4088105726871,1743.4616740088106,0.8493392070484581,0.6916299559471366,3717.80704845815,0.9398237885462556,-5.979141508319133,55.4273127753304,22.514237791666663,-21.621339512061393,24.97543694298246,-22.948977527412268,24.04582248245614,-22.591554533991218,126011.0,26992.0,125755.0,CVL -> COP,0.0012558324288020465
2023-05-29,CVL,COP,739,380,6.20297699594046,1454.8552097428958,1447.0541271989175,1447.5290933694182,0.7456021650879567,0.7469553450608931,3442.579161028417,-3.3983761840324767,-5.230559153190825,59.25575101488498,29.83785848172758,-28.491656408637876,30.019588589700998,-29.04567434883721,29.888117732558143,-29.02997916611296,31955.0,8049.0,31799.0,CVL -> COP,0.0008521020631477964
2023-06-05,CVL,COP,967,445,8.56670113753878,2075.64322647363,2093.213029989659,2079.9751809720788,0.8252326783867632,0.6825232678386763,4386.756980351603,-0.652843846949328,-3.6633473252621904,66.42192347466391,30.185676176392573,-22.055393385941635,29.176754972148533,3.6218334615384635,29.62774603315649,-11.087897347480105,92743.0,9881.0,92027.0,CVL -> COP,0.0010091038489954878
2023-06-12,CVL,COP,1020,419,8.382352941176471,1647.4166666666667,1682.2970588235294,1672.4990196078431,0.9117647058823529,0.5323529411764706,3123.799019607843,-0.01950980392156873,-3.3722288023471934,72.99019607843137,16.678935387323946,21.35839428998245,16.592263744718313,22.086742316344488,16.700796948943665,22.3436218242531,381477.0,37037.0,381198.0,CVL -> COP,0.001173156792405305
2023-06-19,CVL,COP,823,428,7.161603888213852,1833.3438639125152,1826.9975698663427,1834.0048602673146,0.8699878493317132,0.6573511543134872,3696.3876063183475,-0.5335358444714456,-4.779900866198859,56.658566221142166,26.363921318452384,-27.47644355505951,26.349783026785715,-24.763167031249996,26.29802394940476,-24.794197983630948,41884.0,9125.0,41760.0,CVL -> COP,0.0007869588582116241
2023-06-26,CVL,COP,668,395,6.023952095808383,1338.3877245508982,1347.6092814371257,1354.9146706586826,0.8877245508982036,0.7080838323353293,3027.1526946107783,-1.694910179640718,-4.869901255723347,69.44610778443113,31.76827609708737,1.097424798058253,31.693155456310674,2.064958526213591,31.704564359223298,1.2533581961165028,27761.0,3277.0,27551.0,CVL -> COP,0.0007764281978264659
2023-07-03,CVL,COP,874,433,6.467963386727689,1551.995423340961,1590.3146453089246,1566.5526315789473,0.7414187643020596,0.7162471395881007,4122.859267734554,-1.3599542334096104,-4.9013184695961876,58.649885583524025,31.892219966397846,-25.015326795698932,31.81874987785234,-24.607566179865774,31.86497310618279,-24.672011762096773,47130.0,9161.0,43580.0,CVL -> COP,0.0011257678470913586
2023-07-10,CVL,COP,818,412,6.705378973105135,1609.4951100244498,1597.7689486552567,1642.7958435207825,0.9046454767726161,0.7518337408312958,3452.2933985330073,0.5196821515892418,-4.872007414419828,66.13691931540342,34.10856053220857,-45.116113595092,33.740839136503055,-46.655234423312855,33.78503550153373,-46.32306604907973,133702.0,16625.0,133567.0,CVL -> COP,0.0009383973137516505
2023-07-17,CVL,COP,1351,482,9.851221317542562,2209.3419689119173,2230.6920799407844,2224.505551443375,0.8541820873427091,0.5692079940784603,3849.5743893412287,-0.7847520355292378,-5.6182565340491015,65.10732790525536,36.68860051390055,-49.39566946756527,36.632980791912345,-47.313807361415314,36.85235405223249,-49.55459063016003,342342.0,36562.0,342116.0,CVL -> COP,0.0014755287220239318
2023-07-24,CVL,COP,1117,432,10.435989256938228,2695.977618621307,2703.383169203223,2661.797672336616,0.8531781557743957,0.5362578334825425,4352.579230080573,-0.8432408236347364,-4.327129109675532,67.81557743957028,32.61280428987069,-33.379763653017235,32.29064392887931,-30.392672815732748,32.93059845474137,-33.78198941056033,366888.0,40784.0,364651.0,CVL -> COP,0.0014210472749478398
2023-07-31,CVL,COP,1045,456,8.17511961722488,1648.42009569378,1668.6373205741627,1679.0210526315789,0.8267942583732057,0.6660287081339713,3500.762679425837,-1.371291866028709,-4.76092124185884,61.004784688995215,33.0514719457627,-47.73632449943502,32.71516079096044,-47.082792352542356,32.650716055367226,-46.61171055819209,203336.0,24050.0,203086.0,CVL -> COP,0.001322970695882586
2023-08-07,CVL,COP,1042,428,7.081573896353167,1728.6852207293666,1741.0009596928983,1747.23896353167,0.9059500959692899,0.7236084452975048,3470.2811900191937,-1.2909788867562377,-3.788152776906491,66.71785028790786,31.36806330151513,-40.95799369242423,31.553047090909068,-41.3053300560606,31.609154818181793,-41.38927838939393,323458.0,31048.0,314028.0,CVL -> COP,0.001399572606522653
2023-08-14,CVL,COP,545,359,8.471559633027523,2128.3394495412845,2150.251376146789,2141.5045871559632,0.8220183486238533,0.6330275229357798,3959.860550458716,-0.7133944954128443,-4.251183510494846,60.25688073394495,31.819232861650484,-16.812074847087377,31.825119915048546,-19.114226473300967,31.870504373786407,-18.026601788834945,9846.0,1481.0,9525.0,CVL -> COP,0.0006797452140324357
2023-08-21,CVL,COP,770,382,7.515584415584415,1747.1935064935064,1776.2584415584415,1775.8168831168832,0.8493506493506493,0.7207792207792207,3887.2727272727275,-0.7496103896103894,-4.681545424824233,55.22077922077922,33.97702210797342,-7.756557895348844,33.76141951661129,-6.781712878737547,34.043440828903655,-7.961477995016617,36337.0,8279.0,36277.0,CVL -> COP,0.0008977843382105176
2023-08-28,CVL,COP,588,407,7.180272108843537,1666.6037414965986,1665.7431972789116,1685.6292517006802,0.8367346938775511,0.6513605442176871,3445.2278911564626,-1.3481292517006804,-4.720322153119502,63.99659863945578,32.4207476917647,-30.728001505882354,32.24777113849765,-30.38434572769953,32.15296913615023,-29.628479999999996,12387.0,1553.0,12287.0,CVL -> COP,0.0007494665786340844
2023-09-04,CVL,COP,806,416,6.050868486352357,1332.424317617866,1348.1091811414392,1336.377171215881,0.8722084367245657,0.7022332506203474,3831.076923076923,-1.6142679900744417,-4.304590074382342,58.436724565756826,33.02353485939968,-36.53922907266982,33.21556351184834,-36.09254644549762,32.83418449131122,-36.433073263823054,32898.0,7226.0,31896.0,CVL -> COP,0.000956460857492079
2023-09-11,CVL,COP,853,460,7.601406799531067,1769.171160609613,1795.7010550996483,1779.2286049237985,0.8874560375146542,0.5615474794841735,3187.1641266119577,-0.327198124267292,-5.223462056431115,64.79484173505276,35.56598805940593,-23.51042047100425,34.999271435643564,-22.41135003394625,35.18290111032532,-22.958940878359265,70705.0,8708.0,70414.0,CVL -> COP,0.0009534635990400533
2023-09-18,CVL,COP,1033,443,6.563407550822846,1417.0629235237172,1472.7734753146176,1477.6534365924492,0.8112294288480155,0.7337850919651501,3387.912875121007,1.4104549854791864,-4.756461353826344,47.43465634075508,27.58745977741585,-50.43078027578718,27.696456692725302,-50.43599188925079,27.769057887079263,-50.71156224429967,77363.0,10175.0,77259.0,CVL -> COP,0.0010423908996146283
2023-09-25,CVL,COP,764,440,5.920157068062827,1405.0065445026178,1418.6374345549739,1417.3089005235602,0.8285340314136126,0.7447643979057592,3190.2840314136124,-0.7367801047120414,-4.747923634209534,65.66753926701571,27.340894850746267,-3.3120450812603717,27.426576999999995,-3.226843118136443,27.457387648424543,-3.4315105273631885,60409.0,4341.0,39814.0,CVL -> COP,0.0008758294012720161
2023-10-02,CVL,COP,613,392,7.5220228384991845,1760.9445350734095,1798.9755301794453,1792.7128874388254,0.8450244698205547,0.6818923327895595,3715.6818923327896,-1.449755301794453,-4.457310734175061,63.67047308319739,32.23859638461538,-31.555693479120873,32.5857923620309,-31.71830491611479,32.37948760532151,-33.28611188248336,23103.0,3529.0,23003.0,CVL -> COP,0.0007012141414187632
2023-10-09,CVL,COP,569,333,8.44463971880492,1920.3216168717047,1896.5799648506152,1916.1300527240774,0.8892794376098418,0.6783831282952548,3817.727592267135,-1.8437609841827767,-4.261787580776523,62.073813708260104,31.574750766570606,-27.305737060518734,31.625714599423635,-27.540039463976953,31.495065348703164,-26.80426991354467,35588.0,6262.0,35578.0,CVL -> COP,0.00041409705736372276
2023-10-16,CVL,COP,683,336,6.266471449487555,1326.7686676427525,1314.7042459736456,1317.8213762811126,0.9092240117130308,0.7833089311859444,3217.310395314788,0.14773060029282573,-4.784440198999739,53.16251830161054,34.49960696923078,-45.07976478846159,34.816614071153865,-45.559719251923134,34.50774875576924,-45.33566178653852,66284.0,18504.0,66123.0,CVL -> COP,0.0005253272334868037
2023-10-23,CVL,COP,684,351,6.39766081871345,1436.6476608187133,1443.7076023391812,1453.3523391812867,0.8771929824561403,0.7236842105263158,3894.2880116959063,-1.5571637426900586,-4.062179547249532,68.37719298245614,33.691694244565205,-29.607735413043503,34.082738570652175,-28.953469938405828,34.04854344021738,-29.131769826086988,70849.0,8064.0,70759.0,CVL -> COP,0.000595377468444559
2023-10-30,CVL,COP,743,370,7.004037685060565,1582.5397039030956,1556.4266487213997,1590.4158815612382,0.9111709286675639,0.7106325706594886,3209.121130551817,-1.2584118438761787,-5.537304859151691,63.52624495289368,27.842518773869372,-32.89155969011726,27.63921798659968,-33.285413994974874,27.928242375209393,-33.119601264656616,40755.0,8469.0,40669.0,CVL -> COP,0.0006716845631880698
2023-11-06,CVL,COP,587,331,7.994889267461669,1881.3015332197615,1894.8824531516184,1889.4650766609882,0.8654173764906303,0.524701873935264,3608.1039182282793,-0.2851788756388416,-4.986277193250476,63.33901192504259,32.49385020737327,-29.019234603686648,32.4687393156682,-29.609799483870983,32.56970661981567,-29.860119645161298,20164.0,2921.0,20135.0,CVL -> COP,0.0005588288774584424
2023-11-13,CVL,COP,615,367,7.084552845528456,1708.6520325203253,1732.7170731707317,1723.6455284552846,0.8048780487804879,0.6894308943089431,3966.320325203252,-0.5973983739837398,-4.383321260589576,58.764227642276424,25.56600912210526,-14.220602134736849,25.70984759578947,-12.37842485052632,25.536845364210528,-12.110001776842111,12919.0,2263.0,12527.0,CVL -> COP,0.0006550141600215569
2023-11-20,CVL,COP,516,318,6.60077519379845,1515.6375968992247,1524.3081395348838,1525.5813953488373,0.8042635658914729,0.6569767441860465,3689.0426356589146,-1.8139534883720927,-3.5491528589269716,57.46124031007752,31.09847356703911,0.1531030251396632,31.26606803631285,-0.43840585754190164,31.331970592178767,-0.4812502988826802,11060.0,2205.0,10890.0,CVL -> COP,0.0005526222783888276
2023-11-27,CVL,COP,761,383,7.645203679369251,1688.7936925098554,1690.1708278580816,1691.5059132720105,0.8922470433639947,0.6885676741130092,3211.9816031537453,-1.5467805519053872,-5.015021922916596,63.863337713534825,33.91668756513761,-42.85218855779817,34.27834697242646,-43.3798028014706,34.19061313394495,-43.267533255045876,40872.0,6255.0,39372.0,CVL -> COP,0.0007577107775148083
2023-12-04,CVL,COP,932,390,5.453862660944206,1246.2736051502145,1254.8422746781116,1262.3648068669527,0.7671673819742489,0.7725321888412017,3491.8658798283263,-1.7712446351931332,-4.964794373171887,58.712446351931334,31.34121736025641,-56.15173622692305,29.293462437179485,-57.10928723974357,29.40920452692308,-57.369383226923055,95634.0,18224.0,95574.0,CVL -> COP,0.001024372818948699
2023-12-11,CVL,COP,970,361,10.71443298969072,2596.779381443299,2652.7938144329896,2643.585567010309,0.7360824742268042,0.634020618556701,5424.877319587629,0.3693814432989696,-5.244162256264019,59.16494845360825,33.626718044247795,-67.05410965992414,30.03919650189635,-70.29281787737037,31.833559460177,-71.61249545006315,108864.0,18086.0,108162.0,CVL -> COP,0.0010413971470012594
2023-12-18,CVL,COP,670,386,7.04776119402985,1516.5537313432835,1521.7432835820896,1533.9,0.8313432835820895,0.6567164179104478,3289.4358208955223,-1.5419402985074626,-4.887165277164581,62.28358208955224,31.67446904807693,-22.52675238653847,32.27001354247104,-22.18454866216217,31.56092230250482,-22.70149064932563,28881.0,3845.0,28869.0,CVL -> COP,0.0008339930591861224
2023-12-25,CVL,COP,623,274,6.61637239165329,1382.4943820224719,1443.255216693419,1417.685393258427,0.7046548956661316,0.6869983948635634,3882.674157303371,-1.398555377207063,-5.0455639634285205,55.20064205457464,32.85457258687258,-46.66833409845559,32.87338899224805,-46.440999269379844,33.008133713733066,-46.29305640812379,56553.0,11037.0,56541.0,CVL -> COP,0.0010136014577638943
2024-01-01,CVL,COP,502,320,6.916334661354582,1620.4701195219122,1629.3346613545816,1627.4741035856573,0.8685258964143426,0.6314741035856574,3232.8844621513945,0.06334661354581671,-3.574692143685385,69.7211155378486,33.28336966149069,-43.77801080124222,33.313913139751556,-43.391890273291914,33.172690158385095,-44.13618235403725,16478.0,1929.0,16402.0,CVL -> COP,0.0006844953619303314
2024-01-08,CVL,COP,557,311,7.504488330341113,1687.624775583483,1733.45960502693,1717.1579892280072,0.8456014362657092,0.6265709156193896,3457.953321364452,-1.2917414721723517,-4.682456047266628,63.64452423698384,32.63518964655174,-45.47088926939655,32.752695896551735,-45.546203803879294,32.70178251293105,-45.0451310150862,42180.0,6789.0,42109.0,CVL -> COP,0.000659865823333661
2024-01-15,CVL,COP,809,339,6.213844252163164,1203.955500618047,1244.2064276885044,1248.6501854140915,0.6736711990111248,0.8430160692212608,4021.8627935723116,-2.9804697156983933,-5.225048333458712,45.95797280593325,26.278886395348803,-53.73225418294564,25.781658015503858,-54.46762448837191,26.74038286046509,-54.02454168682148,45965.0,18982.0,45217.0,CVL -> COP,0.0009963275047969043
2024-01-22,CVL,COP,471,274,6.673036093418259,1698.9193205944798,1714.1528662420383,1712.339702760085,0.9065817409766455,0.732484076433121,3352.5180467091295,-0.29596602972399166,-3.6740677119755563,71.18895966029724,26.627275119354834,-31.125681522580642,26.565988474193553,-31.105978070967737,26.668238151612897,-31.746831296774186,15003.0,1775.0,14981.0,CVL -> COP,0.0005899084326846845
2024-01-29,CVL,COP,767,354,10.895697522816167,2454.9882659713167,2436.535853976532,2460.8552803129073,0.8722294654498044,0.7366362451108214,4166.525423728814,-0.9711864406779661,-4.648875406186277,61.46023468057366,22.399508907363423,-15.414864919239902,22.708645319905212,-14.412434355450234,22.442055700712586,-13.10865058907363,158778.0,22751.0,157908.0,CVL -> COP,0.0009549611914728316
2024-02-05,CVL,COP,727,427,8.147180192572215,1913.9848693259974,1947.576341127923,1932.697386519945,0.8473177441540578,0.6231086657496562,4016.515818431912,-1.2177441540577714,-5.421936613454377,67.37276478679505,29.490083133680557,-33.989157350694455,29.646894592013886,-33.70666155208334,29.589884869791668,-33.55701081076389,45604.0,4805.0,45360.0,CVL -> COP,0.000834678539691433
2024-02-12,CVL,COP,927,376,7.428263214670982,1739.4088457389428,1755.401294498382,1747.833872707659,0.8522114347357066,0.6947141316073355,3088.6990291262136,-2.0593311758360304,-6.198433355829587,71.24056094929881,36.40055660708532,-40.26578635265699,36.54788324798709,-40.64994609178743,36.570451254428306,-40.88273057648952,290117.0,22106.0,289990.0,CVL -> COP,0.0010483958525595788
2024-02-19,CVL,COP,960,422,7.702083333333333,1888.8291666666667,1879.459375,1883.6364583333334,0.8645833333333334,0.6,3520.9645833333334,1.7744791666666662,-4.317338984813426,56.864583333333336,36.737400989290514,-53.44139375368138,36.72383424096387,-53.07878063453813,36.796649668005365,-53.294826285140545,65096.0,15058.0,64239.0,CVL -> COP,0.0010480200608506648
2024-02-26,CVL,COP,939,478,7.600638977635783,1786.7454739084133,1791.6528221512247,1804.4547390841321,0.8178913738019169,0.476038338658147,3908.8966986155483,0.6391906283280087,-3.763864214893869,61.128860489882854,10.112183643489248,6.09965693426047,10.228961772439943,5.023049948166925,10.208635346396958,5.569641577749726,135988.0,15675.0,135587.0,CVL -> COP,0.0010540009945099907
2024-03-04,CVL,COP,807,357,7.815365551425031,1830.982651796778,1829.4634448574968,1813.101610904585,0.8091697645600991,0.42627013630731103,3416.7434944237916,-2.768277571251549,-4.9550814784703245,62.47831474597274,25.308601703076906,-33.989348796923075,25.56077745692307,-33.46822273538462,25.65389787999999,-34.1597124123077,118612.0,16498.0,117955.0,CVL -> COP,0.0009405978099339717
2024-03-11,CVL,COP,843,395,7.769869513641756,1703.1838671411624,1695.4875444839859,1733.8612099644129,0.7864768683274022,0.6109134045077106,3062.259786476868,-0.4351126927639376,-4.3107009998971515,61.755634638196916,29.081842056231007,-40.14452368085104,29.146049047112456,-40.63961026139818,29.218784837386025,-40.54275088449846,48410.0,7946.0,48116.0,CVL -> COP,0.0010134160415464512
2024-03-18,CVL,COP,1097,404,9.781221513217867,2212.641750227894,2232.991795806746,2231.5205104831357,0.8669097538742023,0.682771194165907,5036.155879671832,-2.394074749316317,-5.892568699017321,56.32634457611668,27.643430014213195,-32.360864206091364,28.831368102538065,-34.541079492385784,28.75354392284263,-34.75245275431472,99277.0,18212.0,93357.0,CVL -> COP,0.0012273329395127365
2024-03-25,CVL,COP,514,308,6.653696498054475,1590.5603112840467,1604.6011673151752,1611.739299610895,0.9221789883268483,0.6595330739299611,3876.112840466926,-1.1140077821011676,-4.205615029537077,70.40856031128405,23.268310965053768,-49.11880853763443,23.169179002688175,-49.15448874462368,23.15994486290323,-49.64048588709679,28233.0,3397.0,28157.0,CVL -> COP,0.000672484398100297
2024-04-01,CVL,COP,727,394,7.008253094910591,1733.416781292985,1754.283356258597,1741.563961485557,0.9160935350756534,0.6313617606602476,3506.3108665749655,-1.9134800550206326,-4.990467519188293,66.2585969738652,16.02384039786856,8.726078879218496,16.255329040852576,8.882319928952061,16.187839003552398,8.581253481349927,71723.0,8908.0,71489.0,CVL -> COP,0.0009188922734684076
2024-04-08,CVL,COP,698,381,6.965616045845272,1567.8309455587394,1556.6819484240689,1542.839541547278,0.8667621776504298,0.6805157593123209,3136.2191977077364,-1.849426934097422,-5.802204010867012,52.46418338108882,31.75287817122041,-37.731428941712196,31.735673794171237,-38.75532846083789,31.653886581056483,-38.72744518397084,21175.0,7596.0,21095.0,CVL -> COP,0.0007922859948126834
2024-04-15,CVL,COP,884,354,6.1957013574660635,1768.591628959276,1800.3280542986424,1792.4705882352941,0.7714932126696833,0.7364253393665159,3795.8280542986427,-0.061990950226248266,-4.688475535518234,56.66289592760181,15.117321881331403,24.18451604920411,15.145836202604915,23.99159621707675,15.211250366136033,23.841448947901647,171371.0,23049.0,170951.0,CVL -> COP,0.001012633867562611
2024-04-22,CVL,COP,592,341,6.858108108108108,1589.5456081081081,1607.356418918919,1604.2567567567567,0.8429054054054054,0.7162162162162162,3688.9087837837837,-2.038344594594595,-4.862465710029372,64.94932432432432,22.52297075374732,-8.501262370449686,22.122088836909864,-10.789714263948493,22.422153451820122,-10.314687334047106,23869.0,3171.0,23431.0,CVL -> COP,0.0006332275458260999
2024-04-29,CVL,COP,521,346,6.928982725527831,1571.5854126679462,1562.9270633397314,1572.0998080614204,0.8541266794625719,0.581573896353167,3291.721689059501,0.36353166986564306,-4.146519141222328,66.25719769673704,32.0608790984456,-25.838552108808287,32.115184147668394,-26.301707725388603,32.09474602331606,-26.76864349740933,13636.0,1855.0,13548.0,CVL -> COP,0.0005968630892304591
2024-05-06,CVL,COP,746,327,5.827077747989276,1509.4879356568365,1515.3378016085792,1517.3445040214476,0.6715817694369973,0.693029490616622,3991.1662198391423,-0.8640750670241291,-3.154430601177475,50.938337801608576,24.76227669025157,-39.47647932704405,32.12165213050314,-48.097760270440354,28.51934568396226,-43.900456339622714,66114.0,18123.0,65973.0,CVL -> COP,0.0008797169811320754
2024-05-13,CVL,COP,1105,416,8.106787330316742,1876.0760180995476,1853.5945701357466,1884.1158371040724,0.7393665158371041,0.5339366515837104,3277.508597285068,0.3780090497737576,-4.04309437725777,57.98190045248869,22.235331988493723,6.252054307531381,20.179262172594136,8.234822148535574,22.241950586820078,5.537695028242676,187660.0,31269.0,187221.0,CVL -> COP,0.0013696643516653507
2024-05-20,CVL,COP,590,369,8.496610169491525,1996.786440677966,2014.2694915254237,2000.050847457627,0.7288135593220338,0.6271186440677966,4074.1745762711867,-0.7779661016949152,-4.838487353360005,57.101694915254235,29.649769869565226,-8.642136115942034,28.602579805785137,-4.809351743801651,29.150023719008274,-6.368958541322309,16191.0,2561.0,16158.0,CVL -> COP,0.0007617985159131963
2024-05-27,CVL,COP,507,284,7.8698224852071,1801.0019723865878,1816.7514792899408,1809.2741617357,0.8954635108481263,0.6706114398422091,3496.457593688363,-2.0376725838264305,-4.786861632708625,61.75542406311637,32.27481077093598,-50.959837460591146,32.19570362807884,-51.73187440640395,32.1833097857143,-51.71162563793106,18909.0,3838.0,18887.0,CVL -> COP,0.0006410807584731403
2024-06-03,CVL,COP,776,383,9.69201030927835,2453.478092783505,2481.6275773195875,2475.730670103093,0.8376288659793815,0.5786082474226805,4506.634020618557,-0.9161082474226805,-4.6007472148312765,58.46649484536083,34.28468691247974,-52.767983335494336,34.099161925445706,-52.57110083954621,34.129414329011354,-52.5411276790924,79064.0,11684.0,78985.0,CVL -> COP,0.0009006447269920672
2024-06-10,CVL,COP,663,395,6.279034690799397,1341.8009049773755,1359.8280542986424,1356.1885369532429,0.8536953242835595,0.7586726998491704,3025.938159879336,-1.3633484162895928,-5.665877752204934,63.81598793363499,26.835271225596525,-10.288534158351403,26.97253995661605,-9.703195546637742,26.895434783080262,-10.030110080260304,20420.0,3123.0,20160.0,CVL -> COP,0.0008095297401446164
2024-06-17,CVL,COP,640,343,5.809375,1240.20625,1260.340625,1266.375,0.8984375,0.7640625,3195.7453125,-2.6645312500000005,-4.876307718301449,59.203125,34.45801500860216,-20.60047677634409,34.99603199784947,-17.800535709677426,34.94679113763442,-17.848333709677423,50211.0,7339.0,38638.0,CVL -> COP,0.0008977315446032307
2024-06-24,CVL,COP,726,382,6.746556473829201,1457.6460055096418,1474.2245179063361,1451.3030303030303,0.8663911845730028,0.6611570247933884,3201.944903581267,-0.6786501377410463,-5.211039086423313,65.9641873278237,30.472339715789463,-18.462213475438585,30.652922071929815,-19.197950101754376,30.518929161403502,-19.43426061228069,59021.0,7827.0,58303.0,CVL -> COP,0.0009420618958022449
2024-07-01,CVL,COP,640,339,6.8046875,1582.2703125,1583.5203125,1602.4875,0.8984375,0.678125,3112.00625,-1.186875,-4.363257111513045,68.203125,28.681070730684333,-13.575060790286983,28.66383614569537,-13.082020518763802,28.5551222384106,-12.689487147902877,30287.0,3441.0,28940.0,CVL -> COP,0.0009475389157193745
2024-07-08,CVL,COP,622,320,6.485530546623794,1480.8038585209003,1500.6655948553055,1498.3327974276526,0.7540192926045016,0.6832797427652733,3957.0771704180065,-0.2848874598070739,-4.7605860119995675,61.543408360128616,34.19710922425633,-45.945008091533126,34.088816386727714,-45.677410173912996,34.21385620366136,-45.64812433867271,29052.0,6212.0,28940.0,CVL -> COP,0.0008064892563183635
2024-07-15,CVL,COP,553,338,7.15370705244123,1634.6039783001809,1644.7052441229657,1644.385171790235,0.8734177215189873,0.6654611211573237,3393.1229656419528,-0.2048824593128392,-4.689772071501946,63.037974683544306,31.566316923076926,-11.637994620347392,31.962932208436726,-11.225397332506203,31.67439746898263,-11.85453723325062,14319.0,2396.0,14179.0,CVL -> COP,0.0007323804882183421
2024-07-22,CVL,COP,605,307,6.861157024793388,1523.5239669421487,1924.300826446281,1950.7834710743803,0.7206611570247934,0.7586776859504132,3769.8198347107436,-1.6550413223140494,-4.583350788813804,55.83471074380165,34.396969436853,-57.847159894409955,34.235229886128366,-57.926983979296075,34.24380670393374,-57.941548921325065,24394.0,6325.0,24374.0,CVL -> COP,0.0007223759841626528
2024-07-29,CVL,COP,609,405,7.9376026272577995,1713.1724137931035,1730.4105090311987,1719.5927750410508,0.8768472906403941,0.6814449917898193,3646.4712643678163,-0.6784893267651888,-4.145385127476477,65.45155993431855,26.7766123258427,-9.095143352808998,26.474610741573027,-8.904177898876414,26.809243550561796,-9.56870566741574,15415.0,1874.0,14640.0,CVL -> COP,0.0007773201218694996
2024-08-05,CVL,COP,1088,403,10.367647058823529,2184.783088235294,2181.4136029411766,2178.2720588235293,0.7040441176470589,0.5330882352941176,4647.416360294118,0.5202205882352945,-5.5196459847945825,59.237132352941174,41.67930557204305,-14.82616192795699,41.38385126021508,-15.057023264516129,41.72285887311831,-14.245253866666667,406764.0,56000.0,406500.0,CVL -> COP,0.001452300989380049
2024-08-12,CVL,COP,864,390,7.908564814814815,1843.5891203703704,1838.6712962962963,1843.5416666666667,0.7870370370370371,0.6817129629629629,3911.377314814815,0.11215277777777811,-5.645366987382015,56.80555555555556,32.00681897375691,-51.85128658701657,32.11567585220995,-51.746675604972374,31.315892371546965,-55.00601499309388,37506.0,8433.0,37341.0,CVL -> COP,0.0011213614158226172
2024-08-19,CVL,COP,625,326,6.8672,1783.6064,1772.3536,1795.4048,0.904,0.752,3425.2592,0.43712000000000045,-5.049332656485081,69.824,33.49130046526316,-20.60462371368422,34.491608429473686,-24.004549012631585,34.06871048210527,-22.331128065263165,168400.0,17722.0,168354.0,CVL -> COP,0.000746118096766145
2024-08-26,CVL,COP,664,308,7.031626506024097,1666.8719879518073,1664.1626506024097,1679.5888554216867,0.8493975903614458,0.713855421686747,3206.210843373494,0.487198795180722,-3.805509343549698,72.43975903614458,17.15468034567901,21.21163068641976,17.002717024691353,20.91822875308643,17.107997185185184,20.90309784691358,175654.0,17662.0,175351.0,CVL -> COP,0.0009043315301180534
2024-09-02,CVL,COP,576,385,8.144097222222221,2156.909722222222,2179.9392361111113,2168.1111111111113,0.84375,0.6579861111111112,4212.526041666667,-0.5637152777777776,-5.224315506072092,63.50694444444444,28.026405889434884,-30.75680234398034,27.818627813267806,-30.470495088452086,27.82638467567567,-30.399658461916463,13447.0,1983.0,13327.0,CVL -> COP,0.000794395101230209
2024-09-09,CVL,COP,1181,402,8.77307366638442,2996.0203217612193,3085.5952582557156,3096.116850127011,0.642675698560542,0.331922099915326,4583.784928027096,-4.103217612193057,-4.848489016184987,40.558848433530905,28.793355341658366,-65.05645994705297,30.161992754245716,-61.18641726673334,31.483843753246713,-56.636559924076,94320.0,40328.0,94164.0,CVL -> COP,0.0015291192997902478
2024-09-16,CVL,COP,834,382,9.525179856115107,2327.556354916067,2334.0047961630694,2325.26139088729,0.7338129496402878,0.4844124700239808,4174.811750599521,-0.41055155875299787,-5.011259568293099,51.091127098321344,31.257689968842733,-15.04269293323442,31.27411778041544,-15.771870330860537,31.26593151186945,-15.279777502967367,58788.0,18013.0,58608.0,CVL -> COP,0.0011356843178881174
2024-09-23,CVL,COP,616,322,5.6477272727272725,1235.7045454545455,1241.551948051948,1252.3522727272727,0.8961038961038961,0.7743506493506493,2767.150974025974,-0.3933441558441556,-5.053467492114455,67.25649350649351,25.325936456824515,-9.703500986072422,25.32119244568245,-9.810262200557107,25.33865790529248,-9.724473871866294,53473.0,7242.0,53371.0,CVL -> COP,0.0007098393412322166
2024-09-30,CVL,COP,619,343,5.025848142164782,1210.4636510500807,1255.071082390953,1231.8723747980614,0.9289176090468497,0.778675282714055,3934.2794830371568,-0.867043618739903,-4.633395263757542,67.94830371567043,32.06371521247114,-8.378350965357965,31.858684612009245,-8.192541727482677,31.92974252193996,-8.189203159353347,45989.0,7986.0,45839.0,CVL -> COP,0.0007085711930896565
2024-10-07,CVL,COP,609,321,7.032840722495895,1934.3382594417078,1933.5008210180624,1941.142857142857,0.8752052545155994,0.6847290640394089,3944.073891625616,-0.21592775041050893,-4.425469057632925,70.52545155993433,36.97748738028165,-28.4978417002012,36.906774971830934,-28.094984899396376,36.97243801609654,-28.233668259557344,180077.0,19106.0,180031.0,CVL -> COP,0.0008104137501530338
2024-10-14,CVL,COP,425,325,8.232941176470588,2057.4564705882353,2044.3411764705882,2065.64,0.8447058823529412,0.6141176470588235,4013.2094117647057,-1.1840000000000002,-5.020190577768754,64.44705882352942,26.716950476821193,-32.967853506622525,27.095574625827812,-32.31364398675497,26.72765583443709,-32.57108925165563,5133.0,678.0,5034.0,CVL -> COP,0.0005491708166751519
2024-10-21,CVL,COP,658,302,5.87386018237082,1349.420972644377,1364.9316109422493,1369.965045592705,0.8252279635258358,0.776595744680851,3382.4620060790276,0.18723404255319187,-4.558753555548058,68.25227963525836,22.293494724202624,-3.664758005628467,22.369432953095682,-3.526624116322648,22.431076525328333,-3.5159091688554778,97979.0,10566.0,97319.0,CVL -> COP,0.000803980313479011
2024-10-28,CVL,COP,824,341,6.479368932038835,1479.615291262136,1497.7099514563106,1493.0533980582525,0.9029126213592233,0.6868932038834952,3420.257281553398,-1.4870145631067961,-5.085142744596282,65.50970873786407,23.241523234833668,1.523071007827769,23.540066313111552,1.9800176418786453,24.900066483365947,0.4564642172211169,92147.0,12614.0,91260.0,CVL -> COP,0.0011643828841368376
2024-11-04,CVL,COP,394,275,6.49492385786802,1606.8172588832488,1628.733502538071,1627.4365482233502,0.8350253807106599,0.6954314720812182,3575.9898477157362,-0.07639593908629452,-3.992077357191181,61.97969543147208,33.89934996641791,-36.03735848134329,33.28677557089553,-35.401314570895536,34.23474959328358,-37.06937415298508,6236.0,781.0,5904.0,CVL -> COP,0.0005139101387687809
2024-11-11,CVL,COP,460,313,6.217391304347826,1436.9913043478261,1408.958695652174,1441.8260869565217,0.8521739130434782,0.7195652173913043,3408.3608695652174,-1.182391304347826,-4.663889473648124,67.65217391304348,23.30055767857143,-13.85066005769231,23.453119876373627,-15.551103739010989,23.163806854395606,-14.257121843406596,12142.0,1299.0,12077.0,CVL -> COP,0.000608098014824372
2024-11-18,CVL,COP,443,293,6.923250564334086,1803.3566591422123,1818.9706546275395,1822.41309255079,0.8577878103837472,0.6862302483069977,4117.002257336343,-0.15327313769751708,-5.706860452686168,67.08803611738149,29.33068928048781,0.16744379268292636,29.13061641463415,-0.1084136463414634,29.25275385365854,0.4586324207317071,17163.0,2472.0,17115.0,CVL -> COP,0.0005949590982407744
2024-11-25,CVL,COP,815,308,10.586503067484662,2311.6834355828223,2376.6134969325153,2328.0993865030673,0.8858895705521472,0.48957055214723927,3937.873619631902,-2.7949693251533736,-5.568557839265601,39.91411042944785,21.497669504360477,-35.420789959302326,21.610243867732567,-35.58272720784883,21.719358875000015,-35.002496335755815,43743.0,19464.0,43742.0,CVL -> COP,0.0011592924759784642
2024-12-02,CVL,COP,1070,431,7.890654205607476,1773.5355140186916,1808.563551401869,1801.829906542056,0.9,0.5934579439252337,3649.334579439252,0.9755140186915883,-3.3207390085012096,69.41121495327103,35.117255344322345,-27.422324307692296,35.01831979120879,-28.07642826390532,35.13653534735577,-27.639580453254425,316882.0,21503.0,316835.0,CVL -> COP,0.0013165973709888385
2024-12-09,CVL,COP,819,387,5.592185592185592,1138.7142857142858,1157.210012210012,1145.918192918193,0.8632478632478633,0.7118437118437119,2739.7557997557997,-1.8840048840048842,-5.8248490531327075,69.25518925518925,18.763429637593983,0.8873277909774053,18.56371715639098,1.9655216255638839,18.741563396992486,1.5911897007518516,125397.0,12152.0,125296.0,CVL -> COP,0.0010208495113259452
2024-12-16,CVL,COP,599,271,6.939899833055092,1740.9465776293823,1794.9048414023373,1778.0116861435727,0.8814691151919867,0.6510851419031719,4237.1819699499165,-0.15342237061769567,-5.3106900791204525,68.1135225375626,37.72194553278686,-25.786817000000006,37.378551475409814,-26.083599362704927,37.27422350409834,-26.38032984836066,73647.0,8248.0,73587.0,CVL -> COP,0.0008191553810576814
2024-12-23,CVL,COP,325,225,9.258461538461539,2159.6553846153847,2182.003076923077,2169.283076923077,0.803076923076923,0.6307692307692307,3925.5384615384614,-0.5627692307692309,-5.484027200590838,62.61538461538461,27.63074172796935,-10.132163908045975,27.66709391954023,-9.794052413793102,27.62810047126437,-10.246328275862066,5061.0,748.0,5034.0,CVL -> COP,0.000687980660334422
2024-12-30,CVL,COP,755,292,6.658278145695364,1605.3867549668873,1589.0039735099338,1610.4185430463576,0.9006622516556292,0.8317880794701987,2936.060927152318,-0.21006622516556392,-4.051241550150347,62.966887417218544,23.09000952245863,-3.0721966973995483,23.13141078250591,-1.6537720260047388,23.05386491962175,-2.7719382576832294,203890.0,32928.0,203842.0,CVL -> COP,0.0015253911971795416
2025-01-06,CVL,COP,509,332,6.903732809430255,1599.400785854617,1611.6758349705306,1628.5225933202357,0.8605108055009824,0.6483300589390962,3446.2750491159136,-0.7440078585461688,-5.1603695665033005,62.986247544204325,25.36646447839506,-13.631432101851859,25.178081959627328,-14.82604803726709,25.200894708978332,-14.12177131578948,12001.0,1964.0,11946.0,CVL -> COP,0.0007108610915977337
2025-01-13,CVL,COP,495,293,7.937373737373737,1927.5050505050506,1955.0464646464648,1948.5757575757575,0.9131313131313131,0.5575757575757576,3564.9939393939394,-1.4333333333333331,-4.686782966846082,67.15151515151516,26.90636535695539,-35.08224245144358,27.03922204986877,-35.82794055380578,26.940455196850404,-33.407169769028876,24612.0,2764.0,24462.0,CVL -> COP,0.0006251018158260626
2025-01-20,CVL,COP,548,311,7.359489051094891,1580.5383211678832,1621.8229927007299,1598.9306569343066,0.8120437956204379,0.5474452554744526,3054.8503649635036,-0.4209854014598541,-4.1028977764475405,56.14963503649635,29.83148652134831,-39.19797320898877,29.97733203271028,-40.29073328271027,30.005825564220185,-39.57336157110092,14176.0,3279.0,13573.0,CVL -> COP,0.0006064321648079005
2025-01-27,CVL,COP,552,339,7.4981884057971016,1762.6177536231885,1763.0996376811595,1763.3786231884058,0.8061594202898551,0.6829710144927537,3598.998188405797,-1.6847826086956526,-4.416191788864639,61.97463768115942,33.746763992753614,-28.045292456521736,33.65111536956521,-27.661217326086952,33.870197809178734,-27.927313309178743,17451.0,2487.0,17344.0,CVL -> COP,0.0006754483104614952
2025-02-03,CVL,COP,488,306,9.010245901639344,2090.9836065573772,2112.0778688524592,2114.19262295082,0.8647540983606558,0.5676229508196722,4315.258196721312,-0.13995901639344266,-4.752963151923989,61.82377049180328,25.776236785915493,-35.421304633802826,25.169938222535215,-33.27988051267607,25.816211912676057,-34.685852569014095,24437.0,4517.0,24397.0,CVL -> COP,0.0005653415508662584
2025-02-10,CVL,COP,457,275,7.260393873085339,1599.8665207877461,1620.253829321663,1619.2800875273524,0.925601750547046,0.6980306345733042,3799.951859956236,-0.45382932166301976,-5.183886338261761,66.03938730853392,31.1648889669967,-22.101020112211227,29.845098927392737,-28.460864986798686,30.396874283828378,-25.276414382838293,11164.0,1532.0,11044.0,CVL -> COP,0.0005214632921791917
2025-02-17,CVL,COP,594,314,5.754208754208754,1384.2070707070707,1417.3148148148148,1406.3080808080808,0.8888888888888888,0.7575757575757576,3195.4343434343436,-2.0868686868686863,-5.538764624947129,65.60606060606061,10.794291979310353,48.8327347862069,10.698983425287365,48.1567724091954,10.691985636781615,48.96583723678161,54201.0,7903.0,54179.0,CVL -> COP,0.0006403649864811837
2025-02-24,CVL,COP,517,297,7.678916827852998,1801.1257253384913,1816.8858800773694,1805.1605415860736,0.9013539651837524,0.5899419729206963,3461.8762088974854,-0.26885880077369456,-4.05547955818988,66.59574468085107,27.36477036417911,1.6933865850746284,27.399207916417918,1.9358523761194035,27.273800394029855,1.9744393014925385,36692.0,5607.0,36613.0,CVL -> COP,0.0005553025485916582
2025-03-03,CVL,COP,689,303,8.052249637155297,1700.9637155297532,1690.77648766328,1725.6037735849056,0.9230769230769231,0.6269956458635704,3523.0029027576197,-2.2833091436865023,-5.704425430306484,72.36574746008708,34.48718335251799,-1.8342476762589814,34.76631525899281,-2.151650726618695,34.68071738129497,-2.1699443003597016,187004.0,20775.0,184452.0,CVL -> COP,0.0007712464977685342
2025-03-10,CVL,COP,642,369,6.580996884735202,1375.5794392523364,1379.4190031152648,1395.0342679127725,0.8660436137071651,0.7165109034267912,2849.96261682243,-1.1453271028037382,-4.870832137138458,66.24610591900311,28.643262076288668,1.6911119257731986,27.988538065979384,3.334219905154641,28.077673117525777,3.328957286597941,30368.0,4122.0,30176.0,CVL -> COP,0.0007230356686334288
2025-03-17,CVL,COP,505,305,8.645544554455446,2028.390099009901,2063.940594059406,2064.1722772277226,0.8633663366336634,0.5722772277227722,3802.5841584158416,-0.3817821782178216,-5.108310594531383,65.94059405940594,23.563501152500006,-7.242420587500001,23.373319252500004,-13.856454487499995,23.444150502500005,-10.407007087499997,16099.0,2229.0,16068.0,CVL -> COP,0.000562978950161313
2025-03-24,CVL,COP,465,313,6.124731182795699,1342.7655913978494,1369.079569892473,1365.7763440860215,0.8344086021505376,0.6903225806451613,3159.2193548387095,-0.8688172043010756,-4.807940185564796,64.06451612903226,23.357741221893495,-13.308650949704141,23.305224420118346,-13.301551718934912,23.31581242307692,-13.295695387573968,8256.0,932.0,7886.0,CVL -> COP,0.000576610448181321
2025-03-31,CVL,COP,541,305,7.22365988909427,1678.4547134935306,1703.369685767098,1693.3863216266175,0.8946395563770795,0.6561922365988909,3478.744916820702,-0.6199630314232902,-4.277145129617621,66.13678373382625,24.131730847058826,-26.48374033176471,24.14342755294118,-26.39367823764706,24.16279694117647,-25.807388002352948,28662.0,3589.0,26699.0,CVL -> COP,0.0007491207178265807
2025-04-07,CVL,COP,556,316,6.023381294964029,1459.6061151079136,1075.7589928057555,1479.0593525179856,0.8920863309352518,0.8075539568345323,3460.8057553956833,-1.6512589928057553,-4.24555329123375,73.7589928057554,27.687213832797426,-8.473395598070736,28.27121939228296,-8.461549411575557,27.50953364630225,-8.793634836012856,70680.0,7307.0,70355.0,CVL -> COP,0.0007179650082449759
2025-04-14,CVL,COP,497,336,6.869215291750503,1494.0120724346077,1506.1629778672032,1505.6338028169014,0.8591549295774648,0.6519114688128773,3513.245472837022,-0.933400402414487,-4.802024805843361,62.89738430583501,32.791143823008845,-40.941999545722716,32.65763035103245,-43.53395291740413,32.83191324188791,-40.95235266076696,10280.0,1247.0,10092.0,CVL -> COP,0.0005977954938007284
2025-04-21,CVL,COP,492,329,8.373983739837398,1705.3170731707316,1726.3394308943089,1728.9471544715448,0.8577235772357723,0.6585365853658537,3417.451219512195,-0.9351626016260163,-5.073224498044052,66.17886178861788,28.535667272206307,-7.6807758538681945,28.730982458452722,-8.262631068767911,28.6993768252149,-7.743207475644698,10832.0,1430.0,10806.0,CVL -> COP,0.0005260901132483819
2025-04-28,CVL,COP,505,354,6.407920792079208,1478.4019801980198,1492.5128712871287,1494.3366336633662,0.8514851485148515,0.693069306930693,3243.4039603960396,-1.6097029702970298,-4.493531307414093,69.76237623762377,24.319078531073444,-6.953635748587569,24.584458262711863,-10.18749036158192,24.160995254237285,-6.499569881355931,12488.0,1307.0,12306.0,CVL -> COP,0.0006517516632573387
2025-05-05,CVL,COP,780,408,7.883333333333334,1900.5679487179486,1728.0641025641025,1894.797435897436,0.8871794871794871,0.6474358974358975,3719.001282051282,-0.8184615384615387,-5.461131154498542,59.166666666666664,32.808890151125404,-28.551640416398673,33.003293154340845,-28.368497017684845,32.95549989067524,-28.012622725080348,72905.0,6251.0,72878.0,CVL -> COP,0.0009424808754922348
2025-05-12,CVL,COP,602,332,8.144518272425248,2142.2275747508306,2153.3388704318936,2143.893687707641,0.9069767441860465,0.5282392026578073,4062.639534883721,0.050996677740864006,-3.7735094510688048,72.27574750830564,26.148748777056277,-30.33781895454545,26.069942651515152,-31.596990880952383,26.204442629870126,-30.275462937229435,42582.0,4868.0,42459.0,CVL -> COP,0.0007467620669679351
2025-05-19,CVL,COP,736,393,6.592391304347826,1520.1888586956522,1537.3260869565217,1530.8994565217392,0.7934782608695652,0.686141304347826,3344.2010869565215,-0.9730978260869567,-4.767274906540893,57.391304347826086,30.652650695205484,-36.21888811301368,30.546030340753433,-36.41617584760273,31.13466696232876,-33.834097599315044,20051.0,4038.0,19939.0,CVL -> COP,0.0009503813146769349
